Sunrise,,,Direct Connect Store,,,Formula,,Output
,,,,,,,,
Jewelry,Bracelets,,Fashion,Jewelry,Bracelets,,,
Jewelry,Brooches,,Fashion,Jewelry,Brooches,,,
Jewelry,Earrings,,Fashion,Jewelry,Earrings,,,
Jewelry,Jewelry Holders,,Fashion,Jewelry,Jewelry Holders,,,
Jewelry,Necklaces,,Fashion,Jewelry,Necklaces,,,
Jewelry,Pendants,,Fashion,Jewelry,Pendants,,,
Jewelry,Rings,,Fashion,Jewelry,Rings,,,
Accessories,Scarves,,Fashion,Scarves,,,,
Accessories,Bags and Handbags,,Fashion,Bags and Handbags,,,,
Accessories,Hats,,Fashion,Hats,,,,
Accessories,Luggage,,Fashion,Luggage,,,,
Accessories,Passport Holders,,Fashion,Passport Holders,,,,
Accessories,Wallets,,Fashion,Wallets,,,,
Automobile,Alarms and Security,,Automobile,Alarms and Security,,Automobile/Alarms and Security==Automobile/Alarms and Security,,Automobile/Alarms and Security==Automobile/Alarms and Security
Automobile,Auto Accessories,,Automobile,Auto Accessories,,Automobile/Auto Accessories==Automobile/Auto Accessories,,Automobile/Auto Accessories==Automobile/Auto Accessories
Automobile,Car Audio,,Automobile,Car Audio,,Automobile/Car Audio==Automobile/Car Audio,,Automobile/Car Audio==Automobile/Car Audio
Automobile,Car Video,,Automobile,Car Video,,Automobile/Car Video==Automobile/Car Video,,Automobile/Car Video==Automobile/Car Video
Automobile,GPS and Navigation,,Automobile,GPS and Navigation,,Automobile/GPS and Navigation==Automobile/GPS and Navigation,,Automobile/GPS and Navigation==Automobile/GPS and Navigation
Automobile,Radar Detectors,,Automobile,Radar Detectors,,Automobile/Radar Detectors==Automobile/Radar Detectors,,Automobile/Radar Detectors==Automobile/Radar Detectors
Bags and Travel,Bags and Backpacks,,For the Family,Bags and Travels,,Bags and Travel/Bags and Backpacks==For the Family/Bags and Travels,,Bags and Travel/Bags and Backpacks==For the Family/Bags and Travels
Bags and Travel,Luggage,,For the Family,Bags and Travels,,Bags and Travel/Luggage==For the Family/Bags and Travels,,Bags and Travel/Luggage==For the Family/Bags and Travels
Bags and Travel,Passport Holders,,For the Family,Bags and Travels,,Bags and Travel/Passport Holders==For the Family/Bags and Travels,,Bags and Travel/Passport Holders==For the Family/Bags and Travels
Bags and Travel,Wallets and Money Clips,,For the Family,Bags and Travels,,Bags and Travel/Wallets and Money Clips==For the Family/Bags and Travels,,Bags and Travel/Wallets and Money Clips==For the Family/Bags and Travels
Bath and Body,Bath and Body Gift Sets,,Bed Bath & Body,Bath & Body Gifts,,Bath and Body/Bath and Body Gift Sets==Bed Bath & Body/Bath & Body Gifts,,Bath and Body/Bath and Body Gift Sets==Bed Bath & Body/Bath & Body Gifts
Bath and Body,Bathroom Decor Sets,,Bed Bath & Body,Bathroom,,Bath and Body/Bathroom Decor Sets==Bed Bath & Body/Bathroom,,Bath and Body/Bathroom Decor Sets==Bed Bath & Body/Bathroom
Bath and Body,Electric Shavers and  Trimmers,,Bed Bath & Body,Shavers & Trimmers,,Bath and Body/Electric Shavers and  Trimmers==Bed Bath & Body/Shavers & Trimmers,,Bath and Body/Electric Shavers and  Trimmers==Bed Bath & Body/Shavers & Trimmers
Bath and Body,Head and Hair,,Bed Bath & Body,Head and Hair,,Bath and Body/Head and Hair==Bed Bath & Body/Head and Hair,,Bath and Body/Head and Hair==Bed Bath & Body/Head and Hair
Bath and Body,Health Products,,Bed Bath & Body,Bath & Body Gifts,,Bath and Body/Health Products==Bed Bath & Body/Bath & Body Gifts,,Bath and Body/Health Products==Bed Bath & Body/Bath & Body Gifts
Bath and Body,Manicure and Pedicure,,Bed Bath & Body,Bath & Body Gifts,,Bath and Body/Manicure and Pedicure==Bed Bath & Body/Bath & Body Gifts,,Bath and Body/Manicure and Pedicure==Bed Bath & Body/Bath & Body Gifts
Bath and Body,Massagers,,Bed Bath & Body,Bath & Body Gifts,,Bath and Body/Massagers==Bed Bath & Body/Bath & Body Gifts,,Bath and Body/Massagers==Bed Bath & Body/Bath & Body Gifts
Bath and Body,Shower,,Bed Bath & Body,Bath & Body Gifts,,Bath and Body/Shower==Bed Bath & Body/Bath & Body Gifts,,Bath and Body/Shower==Bed Bath & Body/Bath & Body Gifts
Bath and Body,Soaps and Salts,,Bed Bath & Body,Bath & Body Gifts,,Bath and Body/Soaps and Salts==Bed Bath & Body/Bath & Body Gifts,,Bath and Body/Soaps and Salts==Bed Bath & Body/Bath & Body Gifts
Books and More,Bookends,,For the Family,Books and More,,Books and More/Bookends==For the Family/Books and More,,Books and More/Bookends==For the Family/Books and More
Books and More,Bookmarks,,For the Family,Books and More,,Books and More/Bookmarks==For the Family/Books and More,,Books and More/Bookmarks==For the Family/Books and More
Books and More,Books,,For the Family,Books and More,,Books and More/Books==For the Family/Books and More,,Books and More/Books==For the Family/Books and More
Bulk Buys,Bulk Apparel,,Bulk Buys,Bulk Apparel,,Bulk Buys/Bulk Apparel==Bulk Buys/Bulk Apparel,,Bulk Buys/Bulk Apparel==Bulk Buys/Bulk Apparel
Bulk Buys,Bulk Apparel,,Bulk Buys,Bulk Apparel,,Bulk Buys/Bulk Apparel==Bulk Buys/Bulk Apparel,,Bulk Buys/Bulk Apparel==Bulk Buys/Bulk Apparel
Bulk Buys,Bulk Apparel,,Bulk Buys,Bulk Apparel,,Bulk Buys/Bulk Apparel==Bulk Buys/Bulk Apparel,,Bulk Buys/Bulk Apparel==Bulk Buys/Bulk Apparel
Bulk Buys,Bulk Apparel,,Bulk Buys,Bulk Apparel,,Bulk Buys/Bulk Apparel==Bulk Buys/Bulk Apparel,,Bulk Buys/Bulk Apparel==Bulk Buys/Bulk Apparel
Bulk Buys,Bulk Apparel,,Bulk Buys,Bulk Apparel,,Bulk Buys/Bulk Apparel==Bulk Buys/Bulk Apparel,,Bulk Buys/Bulk Apparel==Bulk Buys/Bulk Apparel
Bulk Buys,Bulk Apparel,,Bulk Buys,Bulk Apparel,,Bulk Buys/Bulk Apparel==Bulk Buys/Bulk Apparel,,Bulk Buys/Bulk Apparel==Bulk Buys/Bulk Apparel
Bulk Buys,Bulk Apparel,,Bulk Buys,Bulk Apparel,,Bulk Buys/Bulk Apparel==Bulk Buys/Bulk Apparel,,Bulk Buys/Bulk Apparel==Bulk Buys/Bulk Apparel
Bulk Buys,Bulk Apparel,,Bulk Buys,Bulk Apparel,,Bulk Buys/Bulk Apparel==Bulk Buys/Bulk Apparel,,Bulk Buys/Bulk Apparel==Bulk Buys/Bulk Apparel
Bulk Buys,Bulk Apparel,,Bulk Buys,Bulk Apparel,,Bulk Buys/Bulk Apparel==Bulk Buys/Bulk Apparel,,Bulk Buys/Bulk Apparel==Bulk Buys/Bulk Apparel
Bulk Buys,Bulk Apparel,,Bulk Buys,Bulk Apparel,,Bulk Buys/Bulk Apparel==Bulk Buys/Bulk Apparel,,Bulk Buys/Bulk Apparel==Bulk Buys/Bulk Apparel
Bulk Buys,Bulk Apparel,,Bulk Buys,Bulk Apparel,,Bulk Buys/Bulk Apparel==Bulk Buys/Bulk Apparel,,Bulk Buys/Bulk Apparel==Bulk Buys/Bulk Apparel
Bulk Buys,Bulk Apparel,,Bulk Buys,Bulk Apparel,,Bulk Buys/Bulk Apparel==Bulk Buys/Bulk Apparel,,Bulk Buys/Bulk Apparel==Bulk Buys/Bulk Apparel
Bulk Buys,Bulk Automotive Supplies,,Bulk Buys,Bulk Automotive,,Bulk Buys/Bulk Automotive Supplies==Bulk Buys/Bulk Automotive,,Bulk Buys/Bulk Automotive Supplies==Bulk Buys/Bulk Automotive
Bulk Buys,Bulk Automotive Supplies,,Bulk Buys,Bulk Automotive,,Bulk Buys/Bulk Automotive Supplies==Bulk Buys/Bulk Automotive,,Bulk Buys/Bulk Automotive Supplies==Bulk Buys/Bulk Automotive
Bulk Buys,Bulk Automotive Supplies,,Bulk Buys,Bulk Automotive,,Bulk Buys/Bulk Automotive Supplies==Bulk Buys/Bulk Automotive,,Bulk Buys/Bulk Automotive Supplies==Bulk Buys/Bulk Automotive
Bulk Buys,Bulk Automotive Supplies,,Bulk Buys,Bulk Automotive,,Bulk Buys/Bulk Automotive Supplies==Bulk Buys/Bulk Automotive,,Bulk Buys/Bulk Automotive Supplies==Bulk Buys/Bulk Automotive
Bulk Buys,Bulk Baby,,Bulk Buys,Bulk Baby,,Bulk Buys/Bulk Baby==Bulk Buys/Bulk Baby,,Bulk Buys/Bulk Baby==Bulk Buys/Bulk Baby
Bulk Buys,Bulk Baby,,Bulk Buys,Bulk Baby,,Bulk Buys/Bulk Baby==Bulk Buys/Bulk Baby,,Bulk Buys/Bulk Baby==Bulk Buys/Bulk Baby
Bulk Buys,Bulk Baby,,Bulk Buys,Bulk Baby,,Bulk Buys/Bulk Baby==Bulk Buys/Bulk Baby,,Bulk Buys/Bulk Baby==Bulk Buys/Bulk Baby
Bulk Buys,Bulk Baby,,Bulk Buys,Bulk Baby,,Bulk Buys/Bulk Baby==Bulk Buys/Bulk Baby,,Bulk Buys/Bulk Baby==Bulk Buys/Bulk Baby
Bulk Buys,Bulk Bed and Bath,,Bulk Buys,Bulk Bed and Bath,,Bulk Buys/Bulk Bed and Bath==Bulk Buys/Bulk Bed and Bath,,Bulk Buys/Bulk Bed and Bath==Bulk Buys/Bulk Bed and Bath
Bulk Buys,Bulk Bed and Bath,,Bulk Buys,Bulk Bed and Bath,,Bulk Buys/Bulk Bed and Bath==Bulk Buys/Bulk Bed and Bath,,Bulk Buys/Bulk Bed and Bath==Bulk Buys/Bulk Bed and Bath
Bulk Buys,Bulk Bed and Bath,,Bulk Buys,Bulk Bed and Bath,,Bulk Buys/Bulk Bed and Bath==Bulk Buys/Bulk Bed and Bath,,Bulk Buys/Bulk Bed and Bath==Bulk Buys/Bulk Bed and Bath
Bulk Buys,Bulk Bed and Bath,,Bulk Buys,Bulk Bed and Bath,,Bulk Buys/Bulk Bed and Bath==Bulk Buys/Bulk Bed and Bath,,Bulk Buys/Bulk Bed and Bath==Bulk Buys/Bulk Bed and Bath
Bulk Buys,Bulk Bed and Bath,,Bulk Buys,Bulk Bed and Bath,,Bulk Buys/Bulk Bed and Bath==Bulk Buys/Bulk Bed and Bath,,Bulk Buys/Bulk Bed and Bath==Bulk Buys/Bulk Bed and Bath
Bulk Buys,Bulk Bed and Bath,,Bulk Buys,Bulk Bed and Bath,,Bulk Buys/Bulk Bed and Bath==Bulk Buys/Bulk Bed and Bath,,Bulk Buys/Bulk Bed and Bath==Bulk Buys/Bulk Bed and Bath
Bulk Buys,Bulk Bed and Bath,,Bulk Buys,Bulk Bed and Bath,,Bulk Buys/Bulk Bed and Bath==Bulk Buys/Bulk Bed and Bath,,Bulk Buys/Bulk Bed and Bath==Bulk Buys/Bulk Bed and Bath
Bulk Buys,Bulk Bed and Bath,,Bulk Buys,Bulk Bed and Bath,,Bulk Buys/Bulk Bed and Bath==Bulk Buys/Bulk Bed and Bath,,Bulk Buys/Bulk Bed and Bath==Bulk Buys/Bulk Bed and Bath
Bulk Buys,Bulk Bed and Bath,,Bulk Buys,Bulk Bed and Bath,,Bulk Buys/Bulk Bed and Bath==Bulk Buys/Bulk Bed and Bath,,Bulk Buys/Bulk Bed and Bath==Bulk Buys/Bulk Bed and Bath
Bulk Buys,Bulk Bed and Bath,,Bulk Buys,Bulk Bed and Bath,,Bulk Buys/Bulk Bed and Bath==Bulk Buys/Bulk Bed and Bath,,Bulk Buys/Bulk Bed and Bath==Bulk Buys/Bulk Bed and Bath
Bulk Buys,Bulk Candles and Scents,,Bulk Buys,Bulk Candles and Scents,,Bulk Buys/Bulk Candles and Scents==Bulk Buys/Bulk Candles and Scents,,Bulk Buys/Bulk Candles and Scents==Bulk Buys/Bulk Candles and Scents
Bulk Buys,Bulk Candles and Scents,,Bulk Buys,Bulk Candles and Scents,,Bulk Buys/Bulk Candles and Scents==Bulk Buys/Bulk Candles and Scents,,Bulk Buys/Bulk Candles and Scents==Bulk Buys/Bulk Candles and Scents
Bulk Buys,Bulk Candles and Scents,,Bulk Buys,Bulk Candles and Scents,,Bulk Buys/Bulk Candles and Scents==Bulk Buys/Bulk Candles and Scents,,Bulk Buys/Bulk Candles and Scents==Bulk Buys/Bulk Candles and Scents
Bulk Buys,Bulk Candles and Scents,,Bulk Buys,Bulk Candles and Scents,,Bulk Buys/Bulk Candles and Scents==Bulk Buys/Bulk Candles and Scents,,Bulk Buys/Bulk Candles and Scents==Bulk Buys/Bulk Candles and Scents
Bulk Buys,Bulk Candles and Scents,,Bulk Buys,Bulk Candles and Scents,,Bulk Buys/Bulk Candles and Scents==Bulk Buys/Bulk Candles and Scents,,Bulk Buys/Bulk Candles and Scents==Bulk Buys/Bulk Candles and Scents
Bulk Buys,Bulk Cosmetics,,Bulk Buys,Bulk Cosmetics,,Bulk Buys/Bulk Cosmetics==Bulk Buys/Bulk Cosmetics,,Bulk Buys/Bulk Cosmetics==Bulk Buys/Bulk Cosmetics
Bulk Buys,Bulk Cosmetics,,Bulk Buys,Bulk Cosmetics,,Bulk Buys/Bulk Cosmetics==Bulk Buys/Bulk Cosmetics,,Bulk Buys/Bulk Cosmetics==Bulk Buys/Bulk Cosmetics
Bulk Buys,Bulk Cosmetics,,Bulk Buys,Bulk Cosmetics,,Bulk Buys/Bulk Cosmetics==Bulk Buys/Bulk Cosmetics,,Bulk Buys/Bulk Cosmetics==Bulk Buys/Bulk Cosmetics
Bulk Buys,Bulk Cosmetics,,Bulk Buys,Bulk Cosmetics,,Bulk Buys/Bulk Cosmetics==Bulk Buys/Bulk Cosmetics,,Bulk Buys/Bulk Cosmetics==Bulk Buys/Bulk Cosmetics
Bulk Buys,Bulk Cosmetics,,Bulk Buys,Bulk Cosmetics,,Bulk Buys/Bulk Cosmetics==Bulk Buys/Bulk Cosmetics,,Bulk Buys/Bulk Cosmetics==Bulk Buys/Bulk Cosmetics
Bulk Buys,Bulk Cosmetics,,Bulk Buys,Bulk Cosmetics,,Bulk Buys/Bulk Cosmetics==Bulk Buys/Bulk Cosmetics,,Bulk Buys/Bulk Cosmetics==Bulk Buys/Bulk Cosmetics
Bulk Buys,Bulk Cosmetics,,Bulk Buys,Bulk Cosmetics,,Bulk Buys/Bulk Cosmetics==Bulk Buys/Bulk Cosmetics,,Bulk Buys/Bulk Cosmetics==Bulk Buys/Bulk Cosmetics
Bulk Buys,Bulk Crafts,,Bulk Buys,Bulk Crafts,,Bulk Buys/Bulk Crafts==Bulk Buys/Bulk Crafts,,Bulk Buys/Bulk Crafts==Bulk Buys/Bulk Crafts
Bulk Buys,Bulk Crafts,,Bulk Buys,Bulk Crafts,,Bulk Buys/Bulk Crafts==Bulk Buys/Bulk Crafts,,Bulk Buys/Bulk Crafts==Bulk Buys/Bulk Crafts
Bulk Buys,Bulk Crafts,,Bulk Buys,Bulk Crafts,,Bulk Buys/Bulk Crafts==Bulk Buys/Bulk Crafts,,Bulk Buys/Bulk Crafts==Bulk Buys/Bulk Crafts
Bulk Buys,Bulk Crafts,,Bulk Buys,Bulk Crafts,,Bulk Buys/Bulk Crafts==Bulk Buys/Bulk Crafts,,Bulk Buys/Bulk Crafts==Bulk Buys/Bulk Crafts
Bulk Buys,Bulk Crafts,,Bulk Buys,Bulk Crafts,,Bulk Buys/Bulk Crafts==Bulk Buys/Bulk Crafts,,Bulk Buys/Bulk Crafts==Bulk Buys/Bulk Crafts
Bulk Buys,Bulk Crafts,,Bulk Buys,Bulk Crafts,,Bulk Buys/Bulk Crafts==Bulk Buys/Bulk Crafts,,Bulk Buys/Bulk Crafts==Bulk Buys/Bulk Crafts
Bulk Buys,Bulk Crafts,,Bulk Buys,Bulk Crafts,,Bulk Buys/Bulk Crafts==Bulk Buys/Bulk Crafts,,Bulk Buys/Bulk Crafts==Bulk Buys/Bulk Crafts
Bulk Buys,Bulk Crafts,,Bulk Buys,Bulk Crafts,,Bulk Buys/Bulk Crafts==Bulk Buys/Bulk Crafts,,Bulk Buys/Bulk Crafts==Bulk Buys/Bulk Crafts
Bulk Buys,Bulk Crafts,,Bulk Buys,Bulk Crafts,,Bulk Buys/Bulk Crafts==Bulk Buys/Bulk Crafts,,Bulk Buys/Bulk Crafts==Bulk Buys/Bulk Crafts
Bulk Buys,Bulk Crafts,,Bulk Buys,Bulk Crafts,,Bulk Buys/Bulk Crafts==Bulk Buys/Bulk Crafts,,Bulk Buys/Bulk Crafts==Bulk Buys/Bulk Crafts
Bulk Buys,Bulk Crafts,,Bulk Buys,Bulk Crafts,,Bulk Buys/Bulk Crafts==Bulk Buys/Bulk Crafts,,Bulk Buys/Bulk Crafts==Bulk Buys/Bulk Crafts
Bulk Buys,Bulk Crafts,,Bulk Buys,Bulk Crafts,,Bulk Buys/Bulk Crafts==Bulk Buys/Bulk Crafts,,Bulk Buys/Bulk Crafts==Bulk Buys/Bulk Crafts
Bulk Buys,Bulk Crafts,,Bulk Buys,Bulk Crafts,,Bulk Buys/Bulk Crafts==Bulk Buys/Bulk Crafts,,Bulk Buys/Bulk Crafts==Bulk Buys/Bulk Crafts
Bulk Buys,Bulk Crafts,,Bulk Buys,Bulk Crafts,,Bulk Buys/Bulk Crafts==Bulk Buys/Bulk Crafts,,Bulk Buys/Bulk Crafts==Bulk Buys/Bulk Crafts
Bulk Buys,Bulk Crafts,,Bulk Buys,Bulk Crafts,,Bulk Buys/Bulk Crafts==Bulk Buys/Bulk Crafts,,Bulk Buys/Bulk Crafts==Bulk Buys/Bulk Crafts
Bulk Buys,Bulk Crafts,,Bulk Buys,Bulk Crafts,,Bulk Buys/Bulk Crafts==Bulk Buys/Bulk Crafts,,Bulk Buys/Bulk Crafts==Bulk Buys/Bulk Crafts
Bulk Buys,Bulk Crafts,,Bulk Buys,Bulk Crafts,,Bulk Buys/Bulk Crafts==Bulk Buys/Bulk Crafts,,Bulk Buys/Bulk Crafts==Bulk Buys/Bulk Crafts
Bulk Buys,Bulk Crafts,,Bulk Buys,Bulk Crafts,,Bulk Buys/Bulk Crafts==Bulk Buys/Bulk Crafts,,Bulk Buys/Bulk Crafts==Bulk Buys/Bulk Crafts
Bulk Buys,Bulk Crafts,,Bulk Buys,Bulk Crafts,,Bulk Buys/Bulk Crafts==Bulk Buys/Bulk Crafts,,Bulk Buys/Bulk Crafts==Bulk Buys/Bulk Crafts
Bulk Buys,Bulk Crafts,,Bulk Buys,Bulk Crafts,,Bulk Buys/Bulk Crafts==Bulk Buys/Bulk Crafts,,Bulk Buys/Bulk Crafts==Bulk Buys/Bulk Crafts
Bulk Buys,Bulk Crafts,,Bulk Buys,Bulk Crafts,,Bulk Buys/Bulk Crafts==Bulk Buys/Bulk Crafts,,Bulk Buys/Bulk Crafts==Bulk Buys/Bulk Crafts
Bulk Buys,Bulk Crafts,,Bulk Buys,Bulk Crafts,,Bulk Buys/Bulk Crafts==Bulk Buys/Bulk Crafts,,Bulk Buys/Bulk Crafts==Bulk Buys/Bulk Crafts
Bulk Buys,Bulk Crafts,,Bulk Buys,Bulk Crafts,,Bulk Buys/Bulk Crafts==Bulk Buys/Bulk Crafts,,Bulk Buys/Bulk Crafts==Bulk Buys/Bulk Crafts
Bulk Buys,Bulk Crafts,,Bulk Buys,Bulk Crafts,,Bulk Buys/Bulk Crafts==Bulk Buys/Bulk Crafts,,Bulk Buys/Bulk Crafts==Bulk Buys/Bulk Crafts
Bulk Buys,Bulk Crafts,,Bulk Buys,Bulk Crafts,,Bulk Buys/Bulk Crafts==Bulk Buys/Bulk Crafts,,Bulk Buys/Bulk Crafts==Bulk Buys/Bulk Crafts
Bulk Buys,Bulk Crafts,,Bulk Buys,Bulk Crafts,,Bulk Buys/Bulk Crafts==Bulk Buys/Bulk Crafts,,Bulk Buys/Bulk Crafts==Bulk Buys/Bulk Crafts
Bulk Buys,Bulk Crafts,,Bulk Buys,Bulk Crafts,,Bulk Buys/Bulk Crafts==Bulk Buys/Bulk Crafts,,Bulk Buys/Bulk Crafts==Bulk Buys/Bulk Crafts
Bulk Buys,Bulk Crafts,,Bulk Buys,Bulk Crafts,,Bulk Buys/Bulk Crafts==Bulk Buys/Bulk Crafts,,Bulk Buys/Bulk Crafts==Bulk Buys/Bulk Crafts
Bulk Buys,Bulk Electronics,,Bulk Buys,Bulk Electronics,,Bulk Buys/Bulk Electronics==Bulk Buys/Bulk Electronics,,Bulk Buys/Bulk Electronics==Bulk Buys/Bulk Electronics
Bulk Buys,Bulk Electronics,,Bulk Buys,Bulk Electronics,,Bulk Buys/Bulk Electronics==Bulk Buys/Bulk Electronics,,Bulk Buys/Bulk Electronics==Bulk Buys/Bulk Electronics
Bulk Buys,Bulk Electronics,,Bulk Buys,Bulk Electronics,,Bulk Buys/Bulk Electronics==Bulk Buys/Bulk Electronics,,Bulk Buys/Bulk Electronics==Bulk Buys/Bulk Electronics
Bulk Buys,Bulk Electronics,,Bulk Buys,Bulk Electronics,,Bulk Buys/Bulk Electronics==Bulk Buys/Bulk Electronics,,Bulk Buys/Bulk Electronics==Bulk Buys/Bulk Electronics
Bulk Buys,Bulk Electronics,,Bulk Buys,Bulk Electronics,,Bulk Buys/Bulk Electronics==Bulk Buys/Bulk Electronics,,Bulk Buys/Bulk Electronics==Bulk Buys/Bulk Electronics
Bulk Buys,Bulk Electronics,,Bulk Buys,Bulk Electronics,,Bulk Buys/Bulk Electronics==Bulk Buys/Bulk Electronics,,Bulk Buys/Bulk Electronics==Bulk Buys/Bulk Electronics
Bulk Buys,Bulk Electronics,,Bulk Buys,Bulk Electronics,,Bulk Buys/Bulk Electronics==Bulk Buys/Bulk Electronics,,Bulk Buys/Bulk Electronics==Bulk Buys/Bulk Electronics
Bulk Buys,Bulk Electronics,,Bulk Buys,Bulk Electronics,,Bulk Buys/Bulk Electronics==Bulk Buys/Bulk Electronics,,Bulk Buys/Bulk Electronics==Bulk Buys/Bulk Electronics
Bulk Buys,Bulk Electronics,,Bulk Buys,Bulk Electronics,,Bulk Buys/Bulk Electronics==Bulk Buys/Bulk Electronics,,Bulk Buys/Bulk Electronics==Bulk Buys/Bulk Electronics
Bulk Buys,Bulk Electronics,,Bulk Buys,Bulk Electronics,,Bulk Buys/Bulk Electronics==Bulk Buys/Bulk Electronics,,Bulk Buys/Bulk Electronics==Bulk Buys/Bulk Electronics
Bulk Buys,Bulk Electronics,,Bulk Buys,Bulk Electronics,,Bulk Buys/Bulk Electronics==Bulk Buys/Bulk Electronics,,Bulk Buys/Bulk Electronics==Bulk Buys/Bulk Electronics
Bulk Buys,Bulk Electronics,,Bulk Buys,Bulk Electronics,,Bulk Buys/Bulk Electronics==Bulk Buys/Bulk Electronics,,Bulk Buys/Bulk Electronics==Bulk Buys/Bulk Electronics
Bulk Buys,Bulk Electronics,,Bulk Buys,Bulk Electronics,,Bulk Buys/Bulk Electronics==Bulk Buys/Bulk Electronics,,Bulk Buys/Bulk Electronics==Bulk Buys/Bulk Electronics
Bulk Buys,Bulk Fashion Accessories,,Bulk Buys,Bulk Fashion,,Bulk Buys/Bulk Fashion Accessories==Bulk Buys/Bulk Fashion,,Bulk Buys/Bulk Fashion Accessories==Bulk Buys/Bulk Fashion
Bulk Buys,Bulk Fashion Accessories,,Bulk Buys,Bulk Fashion,,Bulk Buys/Bulk Fashion Accessories==Bulk Buys/Bulk Fashion,,Bulk Buys/Bulk Fashion Accessories==Bulk Buys/Bulk Fashion
Bulk Buys,Bulk Fashion Accessories,,Bulk Buys,Bulk Fashion,,Bulk Buys/Bulk Fashion Accessories==Bulk Buys/Bulk Fashion,,Bulk Buys/Bulk Fashion Accessories==Bulk Buys/Bulk Fashion
Bulk Buys,Bulk Games,,Bulk Buys,Bulk Games,,Bulk Buys/Bulk Games==Bulk Buys/Bulk Games,,Bulk Buys/Bulk Games==Bulk Buys/Bulk Games
Bulk Buys,Bulk Games,,Bulk Buys,Bulk Games,,Bulk Buys/Bulk Games==Bulk Buys/Bulk Games,,Bulk Buys/Bulk Games==Bulk Buys/Bulk Games
Bulk Buys,Bulk Games,,Bulk Buys,Bulk Games,,Bulk Buys/Bulk Games==Bulk Buys/Bulk Games,,Bulk Buys/Bulk Games==Bulk Buys/Bulk Games
Bulk Buys,Bulk Games,,Bulk Buys,Bulk Games,,Bulk Buys/Bulk Games==Bulk Buys/Bulk Games,,Bulk Buys/Bulk Games==Bulk Buys/Bulk Games
Bulk Buys,Bulk Games,,Bulk Buys,Bulk Games,,Bulk Buys/Bulk Games==Bulk Buys/Bulk Games,,Bulk Buys/Bulk Games==Bulk Buys/Bulk Games
Bulk Buys,Bulk Gift Wrapping,,Bulk Buys,Bulk Gift Wrapping,,Bulk Buys/Bulk Gift Wrapping==Bulk Buys/Bulk Gift Wrapping,,Bulk Buys/Bulk Gift Wrapping==Bulk Buys/Bulk Gift Wrapping
Bulk Buys,Bulk Gift Wrapping,,Bulk Buys,Bulk Gift Wrapping,,Bulk Buys/Bulk Gift Wrapping==Bulk Buys/Bulk Gift Wrapping,,Bulk Buys/Bulk Gift Wrapping==Bulk Buys/Bulk Gift Wrapping
Bulk Buys,Bulk Gift Wrapping,,Bulk Buys,Bulk Gift Wrapping,,Bulk Buys/Bulk Gift Wrapping==Bulk Buys/Bulk Gift Wrapping,,Bulk Buys/Bulk Gift Wrapping==Bulk Buys/Bulk Gift Wrapping
Bulk Buys,Bulk Gift Wrapping,,Bulk Buys,Bulk Gift Wrapping,,Bulk Buys/Bulk Gift Wrapping==Bulk Buys/Bulk Gift Wrapping,,Bulk Buys/Bulk Gift Wrapping==Bulk Buys/Bulk Gift Wrapping
Bulk Buys,Bulk Gift Wrapping,,Bulk Buys,Bulk Gift Wrapping,,Bulk Buys/Bulk Gift Wrapping==Bulk Buys/Bulk Gift Wrapping,,Bulk Buys/Bulk Gift Wrapping==Bulk Buys/Bulk Gift Wrapping
Bulk Buys,Bulk Gift Wrapping,,Bulk Buys,Bulk Gift Wrapping,,Bulk Buys/Bulk Gift Wrapping==Bulk Buys/Bulk Gift Wrapping,,Bulk Buys/Bulk Gift Wrapping==Bulk Buys/Bulk Gift Wrapping
Bulk Buys,Bulk Gift Wrapping,,Bulk Buys,Bulk Gift Wrapping,,Bulk Buys/Bulk Gift Wrapping==Bulk Buys/Bulk Gift Wrapping,,Bulk Buys/Bulk Gift Wrapping==Bulk Buys/Bulk Gift Wrapping
Bulk Buys,Bulk Hair Care,,Bulk Buys,Bulk Hair Care,,Bulk Buys/Bulk Hair Care==Bulk Buys/Bulk Hair Care,,Bulk Buys/Bulk Hair Care==Bulk Buys/Bulk Hair Care
Bulk Buys,Bulk Hair Care,,Bulk Buys,Bulk Hair Care,,Bulk Buys/Bulk Hair Care==Bulk Buys/Bulk Hair Care,,Bulk Buys/Bulk Hair Care==Bulk Buys/Bulk Hair Care
Bulk Buys,Bulk Hair Care,,Bulk Buys,Bulk Hair Care,,Bulk Buys/Bulk Hair Care==Bulk Buys/Bulk Hair Care,,Bulk Buys/Bulk Hair Care==Bulk Buys/Bulk Hair Care
Bulk Buys,Bulk Hair Care,,Bulk Buys,Bulk Hair Care,,Bulk Buys/Bulk Hair Care==Bulk Buys/Bulk Hair Care,,Bulk Buys/Bulk Hair Care==Bulk Buys/Bulk Hair Care
Bulk Buys,Bulk Hair Care,,Bulk Buys,Bulk Hair Care,,Bulk Buys/Bulk Hair Care==Bulk Buys/Bulk Hair Care,,Bulk Buys/Bulk Hair Care==Bulk Buys/Bulk Hair Care
Bulk Buys,Bulk Hair Care,,Bulk Buys,Bulk Hair Care,,Bulk Buys/Bulk Hair Care==Bulk Buys/Bulk Hair Care,,Bulk Buys/Bulk Hair Care==Bulk Buys/Bulk Hair Care
Bulk Buys,Bulk Hair Care,,Bulk Buys,Bulk Hair Care,,Bulk Buys/Bulk Hair Care==Bulk Buys/Bulk Hair Care,,Bulk Buys/Bulk Hair Care==Bulk Buys/Bulk Hair Care
Bulk Buys,Bulk Hair Care,,Bulk Buys,Bulk Hair Care,,Bulk Buys/Bulk Hair Care==Bulk Buys/Bulk Hair Care,,Bulk Buys/Bulk Hair Care==Bulk Buys/Bulk Hair Care
Bulk Buys,Bulk Hair Care,,Bulk Buys,Bulk Hair Care,,Bulk Buys/Bulk Hair Care==Bulk Buys/Bulk Hair Care,,Bulk Buys/Bulk Hair Care==Bulk Buys/Bulk Hair Care
Bulk Buys,Bulk Hair Care,,Bulk Buys,Bulk Hair Care,,Bulk Buys/Bulk Hair Care==Bulk Buys/Bulk Hair Care,,Bulk Buys/Bulk Hair Care==Bulk Buys/Bulk Hair Care
Bulk Buys,Bulk Hardware,,Bulk Buys,Bulk Hardware,,Bulk Buys/Bulk Hardware==Bulk Buys/Bulk Hardware,,Bulk Buys/Bulk Hardware==Bulk Buys/Bulk Hardware
Bulk Buys,Bulk Hardware,,Bulk Buys,Bulk Hardware,,Bulk Buys/Bulk Hardware==Bulk Buys/Bulk Hardware,,Bulk Buys/Bulk Hardware==Bulk Buys/Bulk Hardware
Bulk Buys,Bulk Hardware,,Bulk Buys,Bulk Hardware,,Bulk Buys/Bulk Hardware==Bulk Buys/Bulk Hardware,,Bulk Buys/Bulk Hardware==Bulk Buys/Bulk Hardware
Bulk Buys,Bulk Hardware,,Bulk Buys,Bulk Hardware,,Bulk Buys/Bulk Hardware==Bulk Buys/Bulk Hardware,,Bulk Buys/Bulk Hardware==Bulk Buys/Bulk Hardware
Bulk Buys,Bulk Hardware,,Bulk Buys,Bulk Hardware,,Bulk Buys/Bulk Hardware==Bulk Buys/Bulk Hardware,,Bulk Buys/Bulk Hardware==Bulk Buys/Bulk Hardware
Bulk Buys,Bulk Hardware,,Bulk Buys,Bulk Hardware,,Bulk Buys/Bulk Hardware==Bulk Buys/Bulk Hardware,,Bulk Buys/Bulk Hardware==Bulk Buys/Bulk Hardware
Bulk Buys,Bulk Hardware,,Bulk Buys,Bulk Hardware,,Bulk Buys/Bulk Hardware==Bulk Buys/Bulk Hardware,,Bulk Buys/Bulk Hardware==Bulk Buys/Bulk Hardware
Bulk Buys,Bulk Hardware,,Bulk Buys,Bulk Hardware,,Bulk Buys/Bulk Hardware==Bulk Buys/Bulk Hardware,,Bulk Buys/Bulk Hardware==Bulk Buys/Bulk Hardware
Bulk Buys,Bulk Hardware,,Bulk Buys,Bulk Hardware,,Bulk Buys/Bulk Hardware==Bulk Buys/Bulk Hardware,,Bulk Buys/Bulk Hardware==Bulk Buys/Bulk Hardware
Bulk Buys,Bulk Hardware,,Bulk Buys,Bulk Hardware,,Bulk Buys/Bulk Hardware==Bulk Buys/Bulk Hardware,,Bulk Buys/Bulk Hardware==Bulk Buys/Bulk Hardware
Bulk Buys,Bulk Hardware,,Bulk Buys,Bulk Hardware,,Bulk Buys/Bulk Hardware==Bulk Buys/Bulk Hardware,,Bulk Buys/Bulk Hardware==Bulk Buys/Bulk Hardware
Bulk Buys,Bulk Hardware,,Bulk Buys,Bulk Hardware,,Bulk Buys/Bulk Hardware==Bulk Buys/Bulk Hardware,,Bulk Buys/Bulk Hardware==Bulk Buys/Bulk Hardware
Bulk Buys,Bulk Hardware,,Bulk Buys,Bulk Hardware,,Bulk Buys/Bulk Hardware==Bulk Buys/Bulk Hardware,,Bulk Buys/Bulk Hardware==Bulk Buys/Bulk Hardware
Bulk Buys,Bulk Hardware,,Bulk Buys,Bulk Hardware,,Bulk Buys/Bulk Hardware==Bulk Buys/Bulk Hardware,,Bulk Buys/Bulk Hardware==Bulk Buys/Bulk Hardware
Bulk Buys,Bulk Hardware,,Bulk Buys,Bulk Hardware,,Bulk Buys/Bulk Hardware==Bulk Buys/Bulk Hardware,,Bulk Buys/Bulk Hardware==Bulk Buys/Bulk Hardware
Bulk Buys,Bulk Hardware,,Bulk Buys,Bulk Hardware,,Bulk Buys/Bulk Hardware==Bulk Buys/Bulk Hardware,,Bulk Buys/Bulk Hardware==Bulk Buys/Bulk Hardware
Bulk Buys,Bulk Hardware,,Bulk Buys,Bulk Hardware,,Bulk Buys/Bulk Hardware==Bulk Buys/Bulk Hardware,,Bulk Buys/Bulk Hardware==Bulk Buys/Bulk Hardware
Bulk Buys,Bulk Hardware,,Bulk Buys,Bulk Hardware,,Bulk Buys/Bulk Hardware==Bulk Buys/Bulk Hardware,,Bulk Buys/Bulk Hardware==Bulk Buys/Bulk Hardware
Bulk Buys,Bulk Hardware,,Bulk Buys,Bulk Hardware,,Bulk Buys/Bulk Hardware==Bulk Buys/Bulk Hardware,,Bulk Buys/Bulk Hardware==Bulk Buys/Bulk Hardware
Bulk Buys,Bulk Hardware,,Bulk Buys,Bulk Hardware,,Bulk Buys/Bulk Hardware==Bulk Buys/Bulk Hardware,,Bulk Buys/Bulk Hardware==Bulk Buys/Bulk Hardware
Bulk Buys,Bulk Hardware,,Bulk Buys,Bulk Hardware,,Bulk Buys/Bulk Hardware==Bulk Buys/Bulk Hardware,,Bulk Buys/Bulk Hardware==Bulk Buys/Bulk Hardware
Bulk Buys,Bulk Hardware,,Bulk Buys,Bulk Hardware,,Bulk Buys/Bulk Hardware==Bulk Buys/Bulk Hardware,,Bulk Buys/Bulk Hardware==Bulk Buys/Bulk Hardware
Bulk Buys,Bulk Hardware,,Bulk Buys,Bulk Hardware,,Bulk Buys/Bulk Hardware==Bulk Buys/Bulk Hardware,,Bulk Buys/Bulk Hardware==Bulk Buys/Bulk Hardware
Bulk Buys,Bulk Hardware,,Bulk Buys,Bulk Hardware,,Bulk Buys/Bulk Hardware==Bulk Buys/Bulk Hardware,,Bulk Buys/Bulk Hardware==Bulk Buys/Bulk Hardware
Bulk Buys,Bulk Health Care,,Bulk Buys,Bulk Health Care,,Bulk Buys/Bulk Health Care==Bulk Buys/Bulk Health Care,,Bulk Buys/Bulk Health Care==Bulk Buys/Bulk Health Care
Bulk Buys,Bulk Health Care,,Bulk Buys,Bulk Health Care,,Bulk Buys/Bulk Health Care==Bulk Buys/Bulk Health Care,,Bulk Buys/Bulk Health Care==Bulk Buys/Bulk Health Care
Bulk Buys,Bulk Health Care,,Bulk Buys,Bulk Health Care,,Bulk Buys/Bulk Health Care==Bulk Buys/Bulk Health Care,,Bulk Buys/Bulk Health Care==Bulk Buys/Bulk Health Care
Bulk Buys,Bulk Health Care,,Bulk Buys,Bulk Health Care,,Bulk Buys/Bulk Health Care==Bulk Buys/Bulk Health Care,,Bulk Buys/Bulk Health Care==Bulk Buys/Bulk Health Care
Bulk Buys,Bulk Health Care,,Bulk Buys,Bulk Health Care,,Bulk Buys/Bulk Health Care==Bulk Buys/Bulk Health Care,,Bulk Buys/Bulk Health Care==Bulk Buys/Bulk Health Care
Bulk Buys,Bulk Health Care,,Bulk Buys,Bulk Health Care,,Bulk Buys/Bulk Health Care==Bulk Buys/Bulk Health Care,,Bulk Buys/Bulk Health Care==Bulk Buys/Bulk Health Care
Bulk Buys,Bulk Home Decor,,Bulk Buys,Bulk Home Decor,,Bulk Buys/Bulk Home Decor==Bulk Buys/Bulk Home Decor,,Bulk Buys/Bulk Home Decor==Bulk Buys/Bulk Home Decor
Bulk Buys,Bulk Home Decor,,Bulk Buys,Bulk Home Decor,,Bulk Buys/Bulk Home Decor==Bulk Buys/Bulk Home Decor,,Bulk Buys/Bulk Home Decor==Bulk Buys/Bulk Home Decor
Bulk Buys,Bulk Home Decor,,Bulk Buys,Bulk Home Decor,,Bulk Buys/Bulk Home Decor==Bulk Buys/Bulk Home Decor,,Bulk Buys/Bulk Home Decor==Bulk Buys/Bulk Home Decor
Bulk Buys,Bulk Home Decor,,Bulk Buys,Bulk Home Decor,,Bulk Buys/Bulk Home Decor==Bulk Buys/Bulk Home Decor,,Bulk Buys/Bulk Home Decor==Bulk Buys/Bulk Home Decor
Bulk Buys,Bulk Home Decor,,Bulk Buys,Bulk Home Decor,,Bulk Buys/Bulk Home Decor==Bulk Buys/Bulk Home Decor,,Bulk Buys/Bulk Home Decor==Bulk Buys/Bulk Home Decor
Bulk Buys,Bulk Home Decor,,Bulk Buys,Bulk Home Decor,,Bulk Buys/Bulk Home Decor==Bulk Buys/Bulk Home Decor,,Bulk Buys/Bulk Home Decor==Bulk Buys/Bulk Home Decor
Bulk Buys,Bulk Home Decor,,Bulk Buys,Bulk Home Decor,,Bulk Buys/Bulk Home Decor==Bulk Buys/Bulk Home Decor,,Bulk Buys/Bulk Home Decor==Bulk Buys/Bulk Home Decor
Bulk Buys,Bulk Home Decor,,Bulk Buys,Bulk Home Decor,,Bulk Buys/Bulk Home Decor==Bulk Buys/Bulk Home Decor,,Bulk Buys/Bulk Home Decor==Bulk Buys/Bulk Home Decor
Bulk Buys,Bulk Home Decor,,Bulk Buys,Bulk Home Decor,,Bulk Buys/Bulk Home Decor==Bulk Buys/Bulk Home Decor,,Bulk Buys/Bulk Home Decor==Bulk Buys/Bulk Home Decor
Bulk Buys,Bulk Home Decor,,Bulk Buys,Bulk Home Decor,,Bulk Buys/Bulk Home Decor==Bulk Buys/Bulk Home Decor,,Bulk Buys/Bulk Home Decor==Bulk Buys/Bulk Home Decor
Bulk Buys,Bulk Home Decor,,Bulk Buys,Bulk Home Decor,,Bulk Buys/Bulk Home Decor==Bulk Buys/Bulk Home Decor,,Bulk Buys/Bulk Home Decor==Bulk Buys/Bulk Home Decor
Bulk Buys,Bulk Home Decor,,Bulk Buys,Bulk Home Decor,,Bulk Buys/Bulk Home Decor==Bulk Buys/Bulk Home Decor,,Bulk Buys/Bulk Home Decor==Bulk Buys/Bulk Home Decor
Bulk Buys,Bulk Household Supplies,,Bulk Buys,Bulk Household,,Bulk Buys/Bulk Household Supplies==Bulk Buys/Bulk Household,,Bulk Buys/Bulk Household Supplies==Bulk Buys/Bulk Household
Bulk Buys,Bulk Household Supplies,,Bulk Buys,Bulk Household,,Bulk Buys/Bulk Household Supplies==Bulk Buys/Bulk Household,,Bulk Buys/Bulk Household Supplies==Bulk Buys/Bulk Household
Bulk Buys,Bulk Household Supplies,,Bulk Buys,Bulk Household,,Bulk Buys/Bulk Household Supplies==Bulk Buys/Bulk Household,,Bulk Buys/Bulk Household Supplies==Bulk Buys/Bulk Household
Bulk Buys,Bulk Household Supplies,,Bulk Buys,Bulk Household,,Bulk Buys/Bulk Household Supplies==Bulk Buys/Bulk Household,,Bulk Buys/Bulk Household Supplies==Bulk Buys/Bulk Household
Bulk Buys,Bulk Household Supplies,,Bulk Buys,Bulk Household,,Bulk Buys/Bulk Household Supplies==Bulk Buys/Bulk Household,,Bulk Buys/Bulk Household Supplies==Bulk Buys/Bulk Household
Bulk Buys,Bulk Household Supplies,,Bulk Buys,Bulk Household,,Bulk Buys/Bulk Household Supplies==Bulk Buys/Bulk Household,,Bulk Buys/Bulk Household Supplies==Bulk Buys/Bulk Household
Bulk Buys,Bulk Household Supplies,,Bulk Buys,Bulk Household,,Bulk Buys/Bulk Household Supplies==Bulk Buys/Bulk Household,,Bulk Buys/Bulk Household Supplies==Bulk Buys/Bulk Household
Bulk Buys,Bulk Household Supplies,,Bulk Buys,Bulk Household,,Bulk Buys/Bulk Household Supplies==Bulk Buys/Bulk Household,,Bulk Buys/Bulk Household Supplies==Bulk Buys/Bulk Household
Bulk Buys,Bulk Household Supplies,,Bulk Buys,Bulk Household,,Bulk Buys/Bulk Household Supplies==Bulk Buys/Bulk Household,,Bulk Buys/Bulk Household Supplies==Bulk Buys/Bulk Household
Bulk Buys,Bulk Household Supplies,,Bulk Buys,Bulk Household,,Bulk Buys/Bulk Household Supplies==Bulk Buys/Bulk Household,,Bulk Buys/Bulk Household Supplies==Bulk Buys/Bulk Household
Bulk Buys,Bulk Household Supplies,,Bulk Buys,Bulk Household,,Bulk Buys/Bulk Household Supplies==Bulk Buys/Bulk Household,,Bulk Buys/Bulk Household Supplies==Bulk Buys/Bulk Household
Bulk Buys,Bulk Household Supplies,,Bulk Buys,Bulk Household,,Bulk Buys/Bulk Household Supplies==Bulk Buys/Bulk Household,,Bulk Buys/Bulk Household Supplies==Bulk Buys/Bulk Household
Bulk Buys,Bulk Household Supplies,,Bulk Buys,Bulk Household,,Bulk Buys/Bulk Household Supplies==Bulk Buys/Bulk Household,,Bulk Buys/Bulk Household Supplies==Bulk Buys/Bulk Household
Bulk Buys,Bulk Household Supplies,,Bulk Buys,Bulk Household,,Bulk Buys/Bulk Household Supplies==Bulk Buys/Bulk Household,,Bulk Buys/Bulk Household Supplies==Bulk Buys/Bulk Household
Bulk Buys,Bulk Household Supplies,,Bulk Buys,Bulk Household,,Bulk Buys/Bulk Household Supplies==Bulk Buys/Bulk Household,,Bulk Buys/Bulk Household Supplies==Bulk Buys/Bulk Household
Bulk Buys,Bulk Household Supplies,,Bulk Buys,Bulk Household,,Bulk Buys/Bulk Household Supplies==Bulk Buys/Bulk Household,,Bulk Buys/Bulk Household Supplies==Bulk Buys/Bulk Household
Bulk Buys,Bulk Household Supplies,,Bulk Buys,Bulk Household,,Bulk Buys/Bulk Household Supplies==Bulk Buys/Bulk Household,,Bulk Buys/Bulk Household Supplies==Bulk Buys/Bulk Household
Bulk Buys,Bulk Household Supplies,,Bulk Buys,Bulk Household,,Bulk Buys/Bulk Household Supplies==Bulk Buys/Bulk Household,,Bulk Buys/Bulk Household Supplies==Bulk Buys/Bulk Household
Bulk Buys,Bulk Household Supplies,,Bulk Buys,Bulk Household,,Bulk Buys/Bulk Household Supplies==Bulk Buys/Bulk Household,,Bulk Buys/Bulk Household Supplies==Bulk Buys/Bulk Household
Bulk Buys,Bulk Household Supplies,,Bulk Buys,Bulk Household,,Bulk Buys/Bulk Household Supplies==Bulk Buys/Bulk Household,,Bulk Buys/Bulk Household Supplies==Bulk Buys/Bulk Household
Bulk Buys,Bulk Household Supplies,,Bulk Buys,Bulk Household,,Bulk Buys/Bulk Household Supplies==Bulk Buys/Bulk Household,,Bulk Buys/Bulk Household Supplies==Bulk Buys/Bulk Household
Bulk Buys,Bulk Household Supplies,,Bulk Buys,Bulk Household,,Bulk Buys/Bulk Household Supplies==Bulk Buys/Bulk Household,,Bulk Buys/Bulk Household Supplies==Bulk Buys/Bulk Household
Bulk Buys,Bulk Household Supplies,,Bulk Buys,Bulk Household,,Bulk Buys/Bulk Household Supplies==Bulk Buys/Bulk Household,,Bulk Buys/Bulk Household Supplies==Bulk Buys/Bulk Household
Bulk Buys,Bulk Household Supplies,,Bulk Buys,Bulk Household,,Bulk Buys/Bulk Household Supplies==Bulk Buys/Bulk Household,,Bulk Buys/Bulk Household Supplies==Bulk Buys/Bulk Household
Bulk Buys,Bulk Jewelry,,Bulk Buys,Bulk Jewelry,,Bulk Buys/Bulk Jewelry==Bulk Buys/Bulk Jewelry,,Bulk Buys/Bulk Jewelry==Bulk Buys/Bulk Jewelry
Bulk Buys,Bulk Jewelry,,Bulk Buys,Bulk Jewelry,,Bulk Buys/Bulk Jewelry==Bulk Buys/Bulk Jewelry,,Bulk Buys/Bulk Jewelry==Bulk Buys/Bulk Jewelry
Bulk Buys,Bulk Jewelry,,Bulk Buys,Bulk Jewelry,,Bulk Buys/Bulk Jewelry==Bulk Buys/Bulk Jewelry,,Bulk Buys/Bulk Jewelry==Bulk Buys/Bulk Jewelry
Bulk Buys,Bulk Jewelry,,Bulk Buys,Bulk Jewelry,,Bulk Buys/Bulk Jewelry==Bulk Buys/Bulk Jewelry,,Bulk Buys/Bulk Jewelry==Bulk Buys/Bulk Jewelry
Bulk Buys,Bulk Jewelry,,Bulk Buys,Bulk Jewelry,,Bulk Buys/Bulk Jewelry==Bulk Buys/Bulk Jewelry,,Bulk Buys/Bulk Jewelry==Bulk Buys/Bulk Jewelry
Bulk Buys,Bulk Jewelry,,Bulk Buys,Bulk Jewelry,,Bulk Buys/Bulk Jewelry==Bulk Buys/Bulk Jewelry,,Bulk Buys/Bulk Jewelry==Bulk Buys/Bulk Jewelry
Bulk Buys,Bulk Key Chains,,Bulk Buys,Bulk Key Chains,,Bulk Buys/Bulk Key Chains==Bulk Buys/Bulk Key Chains,,Bulk Buys/Bulk Key Chains==Bulk Buys/Bulk Key Chains
Bulk Buys,Bulk Key Chains,,Bulk Buys,Bulk Key Chains,,Bulk Buys/Bulk Key Chains==Bulk Buys/Bulk Key Chains,,Bulk Buys/Bulk Key Chains==Bulk Buys/Bulk Key Chains
Bulk Buys,Bulk Kitchen and Dining,,Bulk Buys,Bulk Kitchen and Dining,,Bulk Buys/Bulk Kitchen and Dining==Bulk Buys/Bulk Kitchen and Dining,,Bulk Buys/Bulk Kitchen and Dining==Bulk Buys/Bulk Kitchen and Dining
Bulk Buys,Bulk Kitchen and Dining,,Bulk Buys,Bulk Kitchen and Dining,,Bulk Buys/Bulk Kitchen and Dining==Bulk Buys/Bulk Kitchen and Dining,,Bulk Buys/Bulk Kitchen and Dining==Bulk Buys/Bulk Kitchen and Dining
Bulk Buys,Bulk Kitchen and Dining,,Bulk Buys,Bulk Kitchen and Dining,,Bulk Buys/Bulk Kitchen and Dining==Bulk Buys/Bulk Kitchen and Dining,,Bulk Buys/Bulk Kitchen and Dining==Bulk Buys/Bulk Kitchen and Dining
Bulk Buys,Bulk Kitchen and Dining,,Bulk Buys,Bulk Kitchen and Dining,,Bulk Buys/Bulk Kitchen and Dining==Bulk Buys/Bulk Kitchen and Dining,,Bulk Buys/Bulk Kitchen and Dining==Bulk Buys/Bulk Kitchen and Dining
Bulk Buys,Bulk Kitchen and Dining,,Bulk Buys,Bulk Kitchen and Dining,,Bulk Buys/Bulk Kitchen and Dining==Bulk Buys/Bulk Kitchen and Dining,,Bulk Buys/Bulk Kitchen and Dining==Bulk Buys/Bulk Kitchen and Dining
Bulk Buys,Bulk Kitchen and Dining,,Bulk Buys,Bulk Kitchen and Dining,,Bulk Buys/Bulk Kitchen and Dining==Bulk Buys/Bulk Kitchen and Dining,,Bulk Buys/Bulk Kitchen and Dining==Bulk Buys/Bulk Kitchen and Dining
Bulk Buys,Bulk Kitchen and Dining,,Bulk Buys,Bulk Kitchen and Dining,,Bulk Buys/Bulk Kitchen and Dining==Bulk Buys/Bulk Kitchen and Dining,,Bulk Buys/Bulk Kitchen and Dining==Bulk Buys/Bulk Kitchen and Dining
Bulk Buys,Bulk Kitchen and Dining,,Bulk Buys,Bulk Kitchen and Dining,,Bulk Buys/Bulk Kitchen and Dining==Bulk Buys/Bulk Kitchen and Dining,,Bulk Buys/Bulk Kitchen and Dining==Bulk Buys/Bulk Kitchen and Dining
Bulk Buys,Bulk Kitchen and Dining,,Bulk Buys,Bulk Kitchen and Dining,,Bulk Buys/Bulk Kitchen and Dining==Bulk Buys/Bulk Kitchen and Dining,,Bulk Buys/Bulk Kitchen and Dining==Bulk Buys/Bulk Kitchen and Dining
Bulk Buys,Bulk Kitchen and Dining,,Bulk Buys,Bulk Kitchen and Dining,,Bulk Buys/Bulk Kitchen and Dining==Bulk Buys/Bulk Kitchen and Dining,,Bulk Buys/Bulk Kitchen and Dining==Bulk Buys/Bulk Kitchen and Dining
Bulk Buys,Bulk Kitchen and Dining,,Bulk Buys,Bulk Kitchen and Dining,,Bulk Buys/Bulk Kitchen and Dining==Bulk Buys/Bulk Kitchen and Dining,,Bulk Buys/Bulk Kitchen and Dining==Bulk Buys/Bulk Kitchen and Dining
Bulk Buys,Bulk Kitchen and Dining,,Bulk Buys,Bulk Kitchen and Dining,,Bulk Buys/Bulk Kitchen and Dining==Bulk Buys/Bulk Kitchen and Dining,,Bulk Buys/Bulk Kitchen and Dining==Bulk Buys/Bulk Kitchen and Dining
Bulk Buys,Bulk Kitchen and Dining,,Bulk Buys,Bulk Kitchen and Dining,,Bulk Buys/Bulk Kitchen and Dining==Bulk Buys/Bulk Kitchen and Dining,,Bulk Buys/Bulk Kitchen and Dining==Bulk Buys/Bulk Kitchen and Dining
Bulk Buys,Bulk Kitchen and Dining,,Bulk Buys,Bulk Kitchen and Dining,,Bulk Buys/Bulk Kitchen and Dining==Bulk Buys/Bulk Kitchen and Dining,,Bulk Buys/Bulk Kitchen and Dining==Bulk Buys/Bulk Kitchen and Dining
Bulk Buys,Bulk Kitchen and Dining,,Bulk Buys,Bulk Kitchen and Dining,,Bulk Buys/Bulk Kitchen and Dining==Bulk Buys/Bulk Kitchen and Dining,,Bulk Buys/Bulk Kitchen and Dining==Bulk Buys/Bulk Kitchen and Dining
Bulk Buys,Bulk Kitchen and Dining,,Bulk Buys,Bulk Kitchen and Dining,,Bulk Buys/Bulk Kitchen and Dining==Bulk Buys/Bulk Kitchen and Dining,,Bulk Buys/Bulk Kitchen and Dining==Bulk Buys/Bulk Kitchen and Dining
Bulk Buys,Bulk Kitchen and Dining,,Bulk Buys,Bulk Kitchen and Dining,,Bulk Buys/Bulk Kitchen and Dining==Bulk Buys/Bulk Kitchen and Dining,,Bulk Buys/Bulk Kitchen and Dining==Bulk Buys/Bulk Kitchen and Dining
Bulk Buys,Bulk Kitchen and Dining,,Bulk Buys,Bulk Kitchen and Dining,,Bulk Buys/Bulk Kitchen and Dining==Bulk Buys/Bulk Kitchen and Dining,,Bulk Buys/Bulk Kitchen and Dining==Bulk Buys/Bulk Kitchen and Dining
Bulk Buys,Bulk Kitchen and Dining,,Bulk Buys,Bulk Kitchen and Dining,,Bulk Buys/Bulk Kitchen and Dining==Bulk Buys/Bulk Kitchen and Dining,,Bulk Buys/Bulk Kitchen and Dining==Bulk Buys/Bulk Kitchen and Dining
Bulk Buys,Bulk Kitchen and Dining,,Bulk Buys,Bulk Kitchen and Dining,,Bulk Buys/Bulk Kitchen and Dining==Bulk Buys/Bulk Kitchen and Dining,,Bulk Buys/Bulk Kitchen and Dining==Bulk Buys/Bulk Kitchen and Dining
Bulk Buys,Bulk Lighting,,Bulk Buys,Bulk Lighting,,Bulk Buys/Bulk Lighting==Bulk Buys/Bulk Lighting,,Bulk Buys/Bulk Lighting==Bulk Buys/Bulk Lighting
Bulk Buys,Bulk Lighting,,Bulk Buys,Bulk Lighting,,Bulk Buys/Bulk Lighting==Bulk Buys/Bulk Lighting,,Bulk Buys/Bulk Lighting==Bulk Buys/Bulk Lighting
Bulk Buys,Bulk Lighting,,Bulk Buys,Bulk Lighting,,Bulk Buys/Bulk Lighting==Bulk Buys/Bulk Lighting,,Bulk Buys/Bulk Lighting==Bulk Buys/Bulk Lighting
Bulk Buys,Bulk Lighting,,Bulk Buys,Bulk Lighting,,Bulk Buys/Bulk Lighting==Bulk Buys/Bulk Lighting,,Bulk Buys/Bulk Lighting==Bulk Buys/Bulk Lighting
Bulk Buys,Bulk Lighting,,Bulk Buys,Bulk Lighting,,Bulk Buys/Bulk Lighting==Bulk Buys/Bulk Lighting,,Bulk Buys/Bulk Lighting==Bulk Buys/Bulk Lighting
Bulk Buys,Bulk Outdoor Living,,Bulk Buys,Bulk Outdoor Living,,Bulk Buys/Bulk Outdoor Living==Bulk Buys/Bulk Outdoor Living,,Bulk Buys/Bulk Outdoor Living==Bulk Buys/Bulk Outdoor Living
Bulk Buys,Bulk Outdoor Living,,Bulk Buys,Bulk Outdoor Living,,Bulk Buys/Bulk Outdoor Living==Bulk Buys/Bulk Outdoor Living,,Bulk Buys/Bulk Outdoor Living==Bulk Buys/Bulk Outdoor Living
Bulk Buys,Bulk Outdoor Living,,Bulk Buys,Bulk Outdoor Living,,Bulk Buys/Bulk Outdoor Living==Bulk Buys/Bulk Outdoor Living,,Bulk Buys/Bulk Outdoor Living==Bulk Buys/Bulk Outdoor Living
Bulk Buys,Bulk Outdoor Living,,Bulk Buys,Bulk Outdoor Living,,Bulk Buys/Bulk Outdoor Living==Bulk Buys/Bulk Outdoor Living,,Bulk Buys/Bulk Outdoor Living==Bulk Buys/Bulk Outdoor Living
Bulk Buys,Bulk Outdoor Living,,Bulk Buys,Bulk Outdoor Living,,Bulk Buys/Bulk Outdoor Living==Bulk Buys/Bulk Outdoor Living,,Bulk Buys/Bulk Outdoor Living==Bulk Buys/Bulk Outdoor Living
Bulk Buys,Bulk Party Supplies,,Bulk Buys,Bulk Party Supplies,,Bulk Buys/Bulk Party Supplies==Bulk Buys/Bulk Party Supplies,,Bulk Buys/Bulk Party Supplies==Bulk Buys/Bulk Party Supplies
Bulk Buys,Bulk Party Supplies,,Bulk Buys,Bulk Party Supplies,,Bulk Buys/Bulk Party Supplies==Bulk Buys/Bulk Party Supplies,,Bulk Buys/Bulk Party Supplies==Bulk Buys/Bulk Party Supplies
Bulk Buys,Bulk Party Supplies,,Bulk Buys,Bulk Party Supplies,,Bulk Buys/Bulk Party Supplies==Bulk Buys/Bulk Party Supplies,,Bulk Buys/Bulk Party Supplies==Bulk Buys/Bulk Party Supplies
Bulk Buys,Bulk Party Supplies,,Bulk Buys,Bulk Party Supplies,,Bulk Buys/Bulk Party Supplies==Bulk Buys/Bulk Party Supplies,,Bulk Buys/Bulk Party Supplies==Bulk Buys/Bulk Party Supplies
Bulk Buys,Bulk Party Supplies,,Bulk Buys,Bulk Party Supplies,,Bulk Buys/Bulk Party Supplies==Bulk Buys/Bulk Party Supplies,,Bulk Buys/Bulk Party Supplies==Bulk Buys/Bulk Party Supplies
Bulk Buys,Bulk Party Supplies,,Bulk Buys,Bulk Party Supplies,,Bulk Buys/Bulk Party Supplies==Bulk Buys/Bulk Party Supplies,,Bulk Buys/Bulk Party Supplies==Bulk Buys/Bulk Party Supplies
Bulk Buys,Bulk Party Supplies,,Bulk Buys,Bulk Party Supplies,,Bulk Buys/Bulk Party Supplies==Bulk Buys/Bulk Party Supplies,,Bulk Buys/Bulk Party Supplies==Bulk Buys/Bulk Party Supplies
Bulk Buys,Bulk Party Supplies,,Bulk Buys,Bulk Party Supplies,,Bulk Buys/Bulk Party Supplies==Bulk Buys/Bulk Party Supplies,,Bulk Buys/Bulk Party Supplies==Bulk Buys/Bulk Party Supplies
Bulk Buys,Bulk Party Supplies,,Bulk Buys,Bulk Party Supplies,,Bulk Buys/Bulk Party Supplies==Bulk Buys/Bulk Party Supplies,,Bulk Buys/Bulk Party Supplies==Bulk Buys/Bulk Party Supplies
Bulk Buys,Bulk Party Supplies,,Bulk Buys,Bulk Party Supplies,,Bulk Buys/Bulk Party Supplies==Bulk Buys/Bulk Party Supplies,,Bulk Buys/Bulk Party Supplies==Bulk Buys/Bulk Party Supplies
Bulk Buys,Bulk Party Supplies,,Bulk Buys,Bulk Party Supplies,,Bulk Buys/Bulk Party Supplies==Bulk Buys/Bulk Party Supplies,,Bulk Buys/Bulk Party Supplies==Bulk Buys/Bulk Party Supplies
Bulk Buys,Bulk Party Supplies,,Bulk Buys,Bulk Party Supplies,,Bulk Buys/Bulk Party Supplies==Bulk Buys/Bulk Party Supplies,,Bulk Buys/Bulk Party Supplies==Bulk Buys/Bulk Party Supplies
Bulk Buys,Bulk Party Supplies,,Bulk Buys,Bulk Party Supplies,,Bulk Buys/Bulk Party Supplies==Bulk Buys/Bulk Party Supplies,,Bulk Buys/Bulk Party Supplies==Bulk Buys/Bulk Party Supplies
Bulk Buys,Bulk Party Supplies,,Bulk Buys,Bulk Party Supplies,,Bulk Buys/Bulk Party Supplies==Bulk Buys/Bulk Party Supplies,,Bulk Buys/Bulk Party Supplies==Bulk Buys/Bulk Party Supplies
Bulk Buys,Bulk Party Supplies,,Bulk Buys,Bulk Party Supplies,,Bulk Buys/Bulk Party Supplies==Bulk Buys/Bulk Party Supplies,,Bulk Buys/Bulk Party Supplies==Bulk Buys/Bulk Party Supplies
Bulk Buys,Bulk Party Supplies,,Bulk Buys,Bulk Party Supplies,,Bulk Buys/Bulk Party Supplies==Bulk Buys/Bulk Party Supplies,,Bulk Buys/Bulk Party Supplies==Bulk Buys/Bulk Party Supplies
Bulk Buys,Bulk Party Supplies,,Bulk Buys,Bulk Party Supplies,,Bulk Buys/Bulk Party Supplies==Bulk Buys/Bulk Party Supplies,,Bulk Buys/Bulk Party Supplies==Bulk Buys/Bulk Party Supplies
Bulk Buys,Bulk Party Supplies,,Bulk Buys,Bulk Party Supplies,,Bulk Buys/Bulk Party Supplies==Bulk Buys/Bulk Party Supplies,,Bulk Buys/Bulk Party Supplies==Bulk Buys/Bulk Party Supplies
Bulk Buys,Bulk Party Supplies,,Bulk Buys,Bulk Party Supplies,,Bulk Buys/Bulk Party Supplies==Bulk Buys/Bulk Party Supplies,,Bulk Buys/Bulk Party Supplies==Bulk Buys/Bulk Party Supplies
Bulk Buys,Bulk Party Supplies,,Bulk Buys,Bulk Party Supplies,,Bulk Buys/Bulk Party Supplies==Bulk Buys/Bulk Party Supplies,,Bulk Buys/Bulk Party Supplies==Bulk Buys/Bulk Party Supplies
Bulk Buys,Bulk Party Supplies,,Bulk Buys,Bulk Party Supplies,,Bulk Buys/Bulk Party Supplies==Bulk Buys/Bulk Party Supplies,,Bulk Buys/Bulk Party Supplies==Bulk Buys/Bulk Party Supplies
Bulk Buys,Bulk Party Supplies,,Bulk Buys,Bulk Party Supplies,,Bulk Buys/Bulk Party Supplies==Bulk Buys/Bulk Party Supplies,,Bulk Buys/Bulk Party Supplies==Bulk Buys/Bulk Party Supplies
Bulk Buys,Bulk Party Supplies,,Bulk Buys,Bulk Party Supplies,,Bulk Buys/Bulk Party Supplies==Bulk Buys/Bulk Party Supplies,,Bulk Buys/Bulk Party Supplies==Bulk Buys/Bulk Party Supplies
Bulk Buys,Bulk Party Supplies,,Bulk Buys,Bulk Party Supplies,,Bulk Buys/Bulk Party Supplies==Bulk Buys/Bulk Party Supplies,,Bulk Buys/Bulk Party Supplies==Bulk Buys/Bulk Party Supplies
Bulk Buys,Bulk Party Supplies,,Bulk Buys,Bulk Party Supplies,,Bulk Buys/Bulk Party Supplies==Bulk Buys/Bulk Party Supplies,,Bulk Buys/Bulk Party Supplies==Bulk Buys/Bulk Party Supplies
Bulk Buys,Bulk Personal Care,,Bulk Buys,Bulk Personal Care,,Bulk Buys/Bulk Personal Care==Bulk Buys/Bulk Personal Care,,Bulk Buys/Bulk Personal Care==Bulk Buys/Bulk Personal Care
Bulk Buys,Bulk Personal Care,,Bulk Buys,Bulk Personal Care,,Bulk Buys/Bulk Personal Care==Bulk Buys/Bulk Personal Care,,Bulk Buys/Bulk Personal Care==Bulk Buys/Bulk Personal Care
Bulk Buys,Bulk Personal Care,,Bulk Buys,Bulk Personal Care,,Bulk Buys/Bulk Personal Care==Bulk Buys/Bulk Personal Care,,Bulk Buys/Bulk Personal Care==Bulk Buys/Bulk Personal Care
Bulk Buys,Bulk Personal Care,,Bulk Buys,Bulk Personal Care,,Bulk Buys/Bulk Personal Care==Bulk Buys/Bulk Personal Care,,Bulk Buys/Bulk Personal Care==Bulk Buys/Bulk Personal Care
Bulk Buys,Bulk Personal Care,,Bulk Buys,Bulk Personal Care,,Bulk Buys/Bulk Personal Care==Bulk Buys/Bulk Personal Care,,Bulk Buys/Bulk Personal Care==Bulk Buys/Bulk Personal Care
Bulk Buys,Bulk Personal Care,,Bulk Buys,Bulk Personal Care,,Bulk Buys/Bulk Personal Care==Bulk Buys/Bulk Personal Care,,Bulk Buys/Bulk Personal Care==Bulk Buys/Bulk Personal Care
Bulk Buys,Bulk Personal Care,,Bulk Buys,Bulk Personal Care,,Bulk Buys/Bulk Personal Care==Bulk Buys/Bulk Personal Care,,Bulk Buys/Bulk Personal Care==Bulk Buys/Bulk Personal Care
Bulk Buys,Bulk Personal Care,,Bulk Buys,Bulk Personal Care,,Bulk Buys/Bulk Personal Care==Bulk Buys/Bulk Personal Care,,Bulk Buys/Bulk Personal Care==Bulk Buys/Bulk Personal Care
Bulk Buys,Bulk Personal Care,,Bulk Buys,Bulk Personal Care,,Bulk Buys/Bulk Personal Care==Bulk Buys/Bulk Personal Care,,Bulk Buys/Bulk Personal Care==Bulk Buys/Bulk Personal Care
Bulk Buys,Bulk Personal Care,,Bulk Buys,Bulk Personal Care,,Bulk Buys/Bulk Personal Care==Bulk Buys/Bulk Personal Care,,Bulk Buys/Bulk Personal Care==Bulk Buys/Bulk Personal Care
Bulk Buys,Bulk Pet Supplies,,Bulk Buys,Bulk Pet Supplies,,Bulk Buys/Bulk Pet Supplies==Bulk Buys/Bulk Pet Supplies,,Bulk Buys/Bulk Pet Supplies==Bulk Buys/Bulk Pet Supplies
Bulk Buys,Bulk Pet Supplies,,Bulk Buys,Bulk Pet Supplies,,Bulk Buys/Bulk Pet Supplies==Bulk Buys/Bulk Pet Supplies,,Bulk Buys/Bulk Pet Supplies==Bulk Buys/Bulk Pet Supplies
Bulk Buys,Bulk Pet Supplies,,Bulk Buys,Bulk Pet Supplies,,Bulk Buys/Bulk Pet Supplies==Bulk Buys/Bulk Pet Supplies,,Bulk Buys/Bulk Pet Supplies==Bulk Buys/Bulk Pet Supplies
Bulk Buys,Bulk Pet Supplies,,Bulk Buys,Bulk Pet Supplies,,Bulk Buys/Bulk Pet Supplies==Bulk Buys/Bulk Pet Supplies,,Bulk Buys/Bulk Pet Supplies==Bulk Buys/Bulk Pet Supplies
Bulk Buys,Bulk Pet Supplies,,Bulk Buys,Bulk Pet Supplies,,Bulk Buys/Bulk Pet Supplies==Bulk Buys/Bulk Pet Supplies,,Bulk Buys/Bulk Pet Supplies==Bulk Buys/Bulk Pet Supplies
Bulk Buys,Bulk Pet Supplies,,Bulk Buys,Bulk Pet Supplies,,Bulk Buys/Bulk Pet Supplies==Bulk Buys/Bulk Pet Supplies,,Bulk Buys/Bulk Pet Supplies==Bulk Buys/Bulk Pet Supplies
Bulk Buys,Bulk Pet Supplies,,Bulk Buys,Bulk Pet Supplies,,Bulk Buys/Bulk Pet Supplies==Bulk Buys/Bulk Pet Supplies,,Bulk Buys/Bulk Pet Supplies==Bulk Buys/Bulk Pet Supplies
Bulk Buys,Bulk Pet Supplies,,Bulk Buys,Bulk Pet Supplies,,Bulk Buys/Bulk Pet Supplies==Bulk Buys/Bulk Pet Supplies,,Bulk Buys/Bulk Pet Supplies==Bulk Buys/Bulk Pet Supplies
Bulk Buys,Bulk Photo Storage and Display,,Bulk Buys,Bulk Photo Storage,,Bulk Buys/Bulk Photo Storage and Display==Bulk Buys/Bulk Photo Storage,,Bulk Buys/Bulk Photo Storage and Display==Bulk Buys/Bulk Photo Storage
Bulk Buys,Bulk Photo Storage and Display,,Bulk Buys,Bulk Photo Storage,,Bulk Buys/Bulk Photo Storage and Display==Bulk Buys/Bulk Photo Storage,,Bulk Buys/Bulk Photo Storage and Display==Bulk Buys/Bulk Photo Storage
Bulk Buys,Bulk Photo Storage and Display,,Bulk Buys,Bulk Photo Storage,,Bulk Buys/Bulk Photo Storage and Display==Bulk Buys/Bulk Photo Storage,,Bulk Buys/Bulk Photo Storage and Display==Bulk Buys/Bulk Photo Storage
Bulk Buys,Bulk Photo Storage and Display,,Bulk Buys,Bulk Photo Storage,,Bulk Buys/Bulk Photo Storage and Display==Bulk Buys/Bulk Photo Storage,,Bulk Buys/Bulk Photo Storage and Display==Bulk Buys/Bulk Photo Storage
Bulk Buys,Bulk Religious,,Bulk Buys,Bulk Religious,,Bulk Buys/Bulk Religious==Bulk Buys/Bulk Religious,,Bulk Buys/Bulk Religious==Bulk Buys/Bulk Religious
Bulk Buys,Bulk School and Office Supplies,,Bulk Buys,Bulk School & Office,,Bulk Buys/Bulk School and Office Supplies==Bulk Buys/Bulk School and Office,,Bulk Buys/Bulk School and Office Supplies==Bulk Buys/Bulk School and Office
Bulk Buys,Bulk School and Office Supplies,,Bulk Buys,Bulk School & Office,,Bulk Buys/Bulk School and Office Supplies==Bulk Buys/Bulk School and Office,,Bulk Buys/Bulk School and Office Supplies==Bulk Buys/Bulk School and Office
Bulk Buys,Bulk School and Office Supplies,,Bulk Buys,Bulk School & Office,,Bulk Buys/Bulk School and Office Supplies==Bulk Buys/Bulk School and Office,,Bulk Buys/Bulk School and Office Supplies==Bulk Buys/Bulk School and Office
Bulk Buys,Bulk School and Office Supplies,,Bulk Buys,Bulk School & Office,,Bulk Buys/Bulk School and Office Supplies==Bulk Buys/Bulk School and Office,,Bulk Buys/Bulk School and Office Supplies==Bulk Buys/Bulk School and Office
Bulk Buys,Bulk School and Office Supplies,,Bulk Buys,Bulk School & Office,,Bulk Buys/Bulk School and Office Supplies==Bulk Buys/Bulk School and Office,,Bulk Buys/Bulk School and Office Supplies==Bulk Buys/Bulk School and Office
Bulk Buys,Bulk School and Office Supplies,,Bulk Buys,Bulk School & Office,,Bulk Buys/Bulk School and Office Supplies==Bulk Buys/Bulk School and Office,,Bulk Buys/Bulk School and Office Supplies==Bulk Buys/Bulk School and Office
Bulk Buys,Bulk School and Office Supplies,,Bulk Buys,Bulk School & Office,,Bulk Buys/Bulk School and Office Supplies==Bulk Buys/Bulk School and Office,,Bulk Buys/Bulk School and Office Supplies==Bulk Buys/Bulk School and Office
Bulk Buys,Bulk School and Office Supplies,,Bulk Buys,Bulk School & Office,,Bulk Buys/Bulk School and Office Supplies==Bulk Buys/Bulk School and Office,,Bulk Buys/Bulk School and Office Supplies==Bulk Buys/Bulk School and Office
Bulk Buys,Bulk School and Office Supplies,,Bulk Buys,Bulk School & Office,,Bulk Buys/Bulk School and Office Supplies==Bulk Buys/Bulk School and Office,,Bulk Buys/Bulk School and Office Supplies==Bulk Buys/Bulk School and Office
Bulk Buys,Bulk School and Office Supplies,,Bulk Buys,Bulk School & Office,,Bulk Buys/Bulk School and Office Supplies==Bulk Buys/Bulk School and Office,,Bulk Buys/Bulk School and Office Supplies==Bulk Buys/Bulk School and Office
Bulk Buys,Bulk School and Office Supplies,,Bulk Buys,Bulk School & Office,,Bulk Buys/Bulk School and Office Supplies==Bulk Buys/Bulk School and Office,,Bulk Buys/Bulk School and Office Supplies==Bulk Buys/Bulk School and Office
Bulk Buys,Bulk School and Office Supplies,,Bulk Buys,Bulk School & Office,,Bulk Buys/Bulk School and Office Supplies==Bulk Buys/Bulk School and Office,,Bulk Buys/Bulk School and Office Supplies==Bulk Buys/Bulk School and Office
Bulk Buys,Bulk School and Office Supplies,,Bulk Buys,Bulk School & Office,,Bulk Buys/Bulk School and Office Supplies==Bulk Buys/Bulk School and Office,,Bulk Buys/Bulk School and Office Supplies==Bulk Buys/Bulk School and Office
Bulk Buys,Bulk School and Office Supplies,,Bulk Buys,Bulk School & Office,,Bulk Buys/Bulk School and Office Supplies==Bulk Buys/Bulk School and Office,,Bulk Buys/Bulk School and Office Supplies==Bulk Buys/Bulk School and Office
Bulk Buys,Bulk School and Office Supplies,,Bulk Buys,Bulk School & Office,,Bulk Buys/Bulk School and Office Supplies==Bulk Buys/Bulk School and Office,,Bulk Buys/Bulk School and Office Supplies==Bulk Buys/Bulk School and Office
Bulk Buys,Bulk School and Office Supplies,,Bulk Buys,Bulk School & Office,,Bulk Buys/Bulk School and Office Supplies==Bulk Buys/Bulk School and Office,,Bulk Buys/Bulk School and Office Supplies==Bulk Buys/Bulk School and Office
Bulk Buys,Bulk School and Office Supplies,,Bulk Buys,Bulk School & Office,,Bulk Buys/Bulk School and Office Supplies==Bulk Buys/Bulk School and Office,,Bulk Buys/Bulk School and Office Supplies==Bulk Buys/Bulk School and Office
Bulk Buys,Bulk School and Office Supplies,,Bulk Buys,Bulk School & Office,,Bulk Buys/Bulk School and Office Supplies==Bulk Buys/Bulk School and Office,,Bulk Buys/Bulk School and Office Supplies==Bulk Buys/Bulk School and Office
Bulk Buys,Bulk School and Office Supplies,,Bulk Buys,Bulk School & Office,,Bulk Buys/Bulk School and Office Supplies==Bulk Buys/Bulk School and Office,,Bulk Buys/Bulk School and Office Supplies==Bulk Buys/Bulk School and Office
Bulk Buys,Bulk School and Office Supplies,,Bulk Buys,Bulk School & Office,,Bulk Buys/Bulk School and Office Supplies==Bulk Buys/Bulk School and Office,,Bulk Buys/Bulk School and Office Supplies==Bulk Buys/Bulk School and Office
Bulk Buys,Bulk School and Office Supplies,,Bulk Buys,Bulk School & Office,,Bulk Buys/Bulk School and Office Supplies==Bulk Buys/Bulk School and Office,,Bulk Buys/Bulk School and Office Supplies==Bulk Buys/Bulk School and Office
Bulk Buys,Bulk School and Office Supplies,,Bulk Buys,Bulk School & Office,,Bulk Buys/Bulk School and Office Supplies==Bulk Buys/Bulk School and Office,,Bulk Buys/Bulk School and Office Supplies==Bulk Buys/Bulk School and Office
Bulk Buys,Bulk School and Office Supplies,,Bulk Buys,Bulk School & Office,,Bulk Buys/Bulk School and Office Supplies==Bulk Buys/Bulk School and Office,,Bulk Buys/Bulk School and Office Supplies==Bulk Buys/Bulk School and Office
Bulk Buys,Bulk School and Office Supplies,,Bulk Buys,Bulk School & Office,,Bulk Buys/Bulk School and Office Supplies==Bulk Buys/Bulk School and Office,,Bulk Buys/Bulk School and Office Supplies==Bulk Buys/Bulk School and Office
Bulk Buys,Bulk School and Office Supplies,,Bulk Buys,Bulk School & Office,,Bulk Buys/Bulk School and Office Supplies==Bulk Buys/Bulk School and Office,,Bulk Buys/Bulk School and Office Supplies==Bulk Buys/Bulk School and Office
Bulk Buys,Bulk School and Office Supplies,,Bulk Buys,Bulk School & Office,,Bulk Buys/Bulk School and Office Supplies==Bulk Buys/Bulk School and Office,,Bulk Buys/Bulk School and Office Supplies==Bulk Buys/Bulk School and Office
Bulk Buys,Bulk Scrapbooking,,Bulk Buys,Bulk Scrapbooking,,Bulk Buys/Bulk Scrapbooking==Bulk Buys/Bulk Scrapbooking,,Bulk Buys/Bulk Scrapbooking==Bulk Buys/Bulk Scrapbooking
Bulk Buys,Bulk Scrapbooking,,Bulk Buys,Bulk Scrapbooking,,Bulk Buys/Bulk Scrapbooking==Bulk Buys/Bulk Scrapbooking,,Bulk Buys/Bulk Scrapbooking==Bulk Buys/Bulk Scrapbooking
Bulk Buys,Bulk Scrapbooking,,Bulk Buys,Bulk Scrapbooking,,Bulk Buys/Bulk Scrapbooking==Bulk Buys/Bulk Scrapbooking,,Bulk Buys/Bulk Scrapbooking==Bulk Buys/Bulk Scrapbooking
Bulk Buys,Bulk Scrapbooking,,Bulk Buys,Bulk Scrapbooking,,Bulk Buys/Bulk Scrapbooking==Bulk Buys/Bulk Scrapbooking,,Bulk Buys/Bulk Scrapbooking==Bulk Buys/Bulk Scrapbooking
Bulk Buys,Bulk Scrapbooking,,Bulk Buys,Bulk Scrapbooking,,Bulk Buys/Bulk Scrapbooking==Bulk Buys/Bulk Scrapbooking,,Bulk Buys/Bulk Scrapbooking==Bulk Buys/Bulk Scrapbooking
Bulk Buys,Bulk Scrapbooking,,Bulk Buys,Bulk Scrapbooking,,Bulk Buys/Bulk Scrapbooking==Bulk Buys/Bulk Scrapbooking,,Bulk Buys/Bulk Scrapbooking==Bulk Buys/Bulk Scrapbooking
Bulk Buys,Bulk Scrapbooking,,Bulk Buys,Bulk Scrapbooking,,Bulk Buys/Bulk Scrapbooking==Bulk Buys/Bulk Scrapbooking,,Bulk Buys/Bulk Scrapbooking==Bulk Buys/Bulk Scrapbooking
Bulk Buys,Bulk Scrapbooking,,Bulk Buys,Bulk Scrapbooking,,Bulk Buys/Bulk Scrapbooking==Bulk Buys/Bulk Scrapbooking,,Bulk Buys/Bulk Scrapbooking==Bulk Buys/Bulk Scrapbooking
Bulk Buys,Bulk Scrapbooking,,Bulk Buys,Bulk Scrapbooking,,Bulk Buys/Bulk Scrapbooking==Bulk Buys/Bulk Scrapbooking,,Bulk Buys/Bulk Scrapbooking==Bulk Buys/Bulk Scrapbooking
Bulk Buys,Bulk Scrapbooking,,Bulk Buys,Bulk Scrapbooking,,Bulk Buys/Bulk Scrapbooking==Bulk Buys/Bulk Scrapbooking,,Bulk Buys/Bulk Scrapbooking==Bulk Buys/Bulk Scrapbooking
Bulk Buys,Bulk Scrapbooking,,Bulk Buys,Bulk Scrapbooking,,Bulk Buys/Bulk Scrapbooking==Bulk Buys/Bulk Scrapbooking,,Bulk Buys/Bulk Scrapbooking==Bulk Buys/Bulk Scrapbooking
Bulk Buys,Bulk Scrapbooking,,Bulk Buys,Bulk Scrapbooking,,Bulk Buys/Bulk Scrapbooking==Bulk Buys/Bulk Scrapbooking,,Bulk Buys/Bulk Scrapbooking==Bulk Buys/Bulk Scrapbooking
Bulk Buys,Bulk Scrapbooking,,Bulk Buys,Bulk Scrapbooking,,Bulk Buys/Bulk Scrapbooking==Bulk Buys/Bulk Scrapbooking,,Bulk Buys/Bulk Scrapbooking==Bulk Buys/Bulk Scrapbooking
Bulk Buys,Bulk Scrapbooking,,Bulk Buys,Bulk Scrapbooking,,Bulk Buys/Bulk Scrapbooking==Bulk Buys/Bulk Scrapbooking,,Bulk Buys/Bulk Scrapbooking==Bulk Buys/Bulk Scrapbooking
Bulk Buys,Bulk Seasonal,,Bulk Buys,Bulk Seasonal,,Bulk Buys/Bulk Seasonal==Bulk Buys/Bulk Seasonal,,Bulk Buys/Bulk Seasonal==Bulk Buys/Bulk Seasonal
Bulk Buys,Bulk Seasonal,,Bulk Buys,Bulk Seasonal,,Bulk Buys/Bulk Seasonal==Bulk Buys/Bulk Seasonal,,Bulk Buys/Bulk Seasonal==Bulk Buys/Bulk Seasonal
Bulk Buys,Bulk Seasonal,,Bulk Buys,Bulk Seasonal,,Bulk Buys/Bulk Seasonal==Bulk Buys/Bulk Seasonal,,Bulk Buys/Bulk Seasonal==Bulk Buys/Bulk Seasonal
Bulk Buys,Bulk Seasonal,,Bulk Buys,Bulk Seasonal,,Bulk Buys/Bulk Seasonal==Bulk Buys/Bulk Seasonal,,Bulk Buys/Bulk Seasonal==Bulk Buys/Bulk Seasonal
Bulk Buys,Bulk Seasonal,,Bulk Buys,Bulk Seasonal,,Bulk Buys/Bulk Seasonal==Bulk Buys/Bulk Seasonal,,Bulk Buys/Bulk Seasonal==Bulk Buys/Bulk Seasonal
Bulk Buys,Bulk Seasonal,,Bulk Buys,Bulk Seasonal,,Bulk Buys/Bulk Seasonal==Bulk Buys/Bulk Seasonal,,Bulk Buys/Bulk Seasonal==Bulk Buys/Bulk Seasonal
Bulk Buys,Bulk Seasonal,,Bulk Buys,Bulk Seasonal,,Bulk Buys/Bulk Seasonal==Bulk Buys/Bulk Seasonal,,Bulk Buys/Bulk Seasonal==Bulk Buys/Bulk Seasonal
Bulk Buys,Bulk Seasonal,,Bulk Buys,Bulk Seasonal,,Bulk Buys/Bulk Seasonal==Bulk Buys/Bulk Seasonal,,Bulk Buys/Bulk Seasonal==Bulk Buys/Bulk Seasonal
Bulk Buys,Bulk Seasonal,,Bulk Buys,Bulk Seasonal,,Bulk Buys/Bulk Seasonal==Bulk Buys/Bulk Seasonal,,Bulk Buys/Bulk Seasonal==Bulk Buys/Bulk Seasonal
Bulk Buys,Bulk Seasonal,,Bulk Buys,Bulk Seasonal,,Bulk Buys/Bulk Seasonal==Bulk Buys/Bulk Seasonal,,Bulk Buys/Bulk Seasonal==Bulk Buys/Bulk Seasonal
Bulk Buys,Bulk Seasonal,,Bulk Buys,Bulk Seasonal,,Bulk Buys/Bulk Seasonal==Bulk Buys/Bulk Seasonal,,Bulk Buys/Bulk Seasonal==Bulk Buys/Bulk Seasonal
Bulk Buys,Bulk Seasonal,,Bulk Buys,Bulk Seasonal,,Bulk Buys/Bulk Seasonal==Bulk Buys/Bulk Seasonal,,Bulk Buys/Bulk Seasonal==Bulk Buys/Bulk Seasonal
Bulk Buys,Bulk Sewing and Needlecrafts,,Bulk Buys,Bulk Sewing,,Bulk Buys/Bulk Sewing and Needlecrafts==Bulk Buys/Bulk Sewing,,Bulk Buys/Bulk Sewing and Needlecrafts==Bulk Buys/Bulk Sewing
Bulk Buys,Bulk Sewing and Needlecrafts,,Bulk Buys,Bulk Sewing,,Bulk Buys/Bulk Sewing and Needlecrafts==Bulk Buys/Bulk Sewing,,Bulk Buys/Bulk Sewing and Needlecrafts==Bulk Buys/Bulk Sewing
Bulk Buys,Bulk Sewing and Needlecrafts,,Bulk Buys,Bulk Sewing,,Bulk Buys/Bulk Sewing and Needlecrafts==Bulk Buys/Bulk Sewing,,Bulk Buys/Bulk Sewing and Needlecrafts==Bulk Buys/Bulk Sewing
Bulk Buys,Bulk Sewing and Needlecrafts,,Bulk Buys,Bulk Sewing,,Bulk Buys/Bulk Sewing and Needlecrafts==Bulk Buys/Bulk Sewing,,Bulk Buys/Bulk Sewing and Needlecrafts==Bulk Buys/Bulk Sewing
Bulk Buys,Bulk Sewing and Needlecrafts,,Bulk Buys,Bulk Sewing,,Bulk Buys/Bulk Sewing and Needlecrafts==Bulk Buys/Bulk Sewing,,Bulk Buys/Bulk Sewing and Needlecrafts==Bulk Buys/Bulk Sewing
Bulk Buys,Bulk Sewing and Needlecrafts,,Bulk Buys,Bulk Sewing,,Bulk Buys/Bulk Sewing and Needlecrafts==Bulk Buys/Bulk Sewing,,Bulk Buys/Bulk Sewing and Needlecrafts==Bulk Buys/Bulk Sewing
Bulk Buys,Bulk Sewing and Needlecrafts,,Bulk Buys,Bulk Sewing,,Bulk Buys/Bulk Sewing and Needlecrafts==Bulk Buys/Bulk Sewing,,Bulk Buys/Bulk Sewing and Needlecrafts==Bulk Buys/Bulk Sewing
Bulk Buys,Bulk Sewing and Needlecrafts,,Bulk Buys,Bulk Sewing,,Bulk Buys/Bulk Sewing and Needlecrafts==Bulk Buys/Bulk Sewing,,Bulk Buys/Bulk Sewing and Needlecrafts==Bulk Buys/Bulk Sewing
Bulk Buys,Bulk Sewing and Needlecrafts,,Bulk Buys,Bulk Sewing,,Bulk Buys/Bulk Sewing and Needlecrafts==Bulk Buys/Bulk Sewing,,Bulk Buys/Bulk Sewing and Needlecrafts==Bulk Buys/Bulk Sewing
Bulk Buys,Bulk Sewing and Needlecrafts,,Bulk Buys,Bulk Sewing,,Bulk Buys/Bulk Sewing and Needlecrafts==Bulk Buys/Bulk Sewing,,Bulk Buys/Bulk Sewing and Needlecrafts==Bulk Buys/Bulk Sewing
Bulk Buys,Bulk Sporting Goods,,Bulk Buys,Bulk Sporting Goods,,Bulk Buys/Bulk Sporting Goods==Bulk Buys/Bulk Sporting Goods,,Bulk Buys/Bulk Sporting Goods==Bulk Buys/Bulk Sporting Goods
Bulk Buys,Bulk Sporting Goods,,Bulk Buys,Bulk Sporting Goods,,Bulk Buys/Bulk Sporting Goods==Bulk Buys/Bulk Sporting Goods,,Bulk Buys/Bulk Sporting Goods==Bulk Buys/Bulk Sporting Goods
Bulk Buys,Bulk Sporting Goods,,Bulk Buys,Bulk Sporting Goods,,Bulk Buys/Bulk Sporting Goods==Bulk Buys/Bulk Sporting Goods,,Bulk Buys/Bulk Sporting Goods==Bulk Buys/Bulk Sporting Goods
Bulk Buys,Bulk Sporting Goods,,Bulk Buys,Bulk Sporting Goods,,Bulk Buys/Bulk Sporting Goods==Bulk Buys/Bulk Sporting Goods,,Bulk Buys/Bulk Sporting Goods==Bulk Buys/Bulk Sporting Goods
Bulk Buys,Bulk Sporting Goods,,Bulk Buys,Bulk Sporting Goods,,Bulk Buys/Bulk Sporting Goods==Bulk Buys/Bulk Sporting Goods,,Bulk Buys/Bulk Sporting Goods==Bulk Buys/Bulk Sporting Goods
Bulk Buys,Bulk Sporting Goods,,Bulk Buys,Bulk Sporting Goods,,Bulk Buys/Bulk Sporting Goods==Bulk Buys/Bulk Sporting Goods,,Bulk Buys/Bulk Sporting Goods==Bulk Buys/Bulk Sporting Goods
Bulk Buys,Bulk Sporting Goods,,Bulk Buys,Bulk Sporting Goods,,Bulk Buys/Bulk Sporting Goods==Bulk Buys/Bulk Sporting Goods,,Bulk Buys/Bulk Sporting Goods==Bulk Buys/Bulk Sporting Goods
Bulk Buys,Bulk Sporting Goods,,Bulk Buys,Bulk Sporting Goods,,Bulk Buys/Bulk Sporting Goods==Bulk Buys/Bulk Sporting Goods,,Bulk Buys/Bulk Sporting Goods==Bulk Buys/Bulk Sporting Goods
Bulk Buys,Bulk Sporting Goods,,Bulk Buys,Bulk Sporting Goods,,Bulk Buys/Bulk Sporting Goods==Bulk Buys/Bulk Sporting Goods,,Bulk Buys/Bulk Sporting Goods==Bulk Buys/Bulk Sporting Goods
Bulk Buys,Bulk Tools,,Bulk Buys,Bulk Tools,,Bulk Buys/Bulk Tools==Bulk Buys/Bulk Tools,,Bulk Buys/Bulk Tools==Bulk Buys/Bulk Tools
Bulk Buys,Bulk Tools,,Bulk Buys,Bulk Tools,,Bulk Buys/Bulk Tools==Bulk Buys/Bulk Tools,,Bulk Buys/Bulk Tools==Bulk Buys/Bulk Tools
Bulk Buys,Bulk Tools,,Bulk Buys,Bulk Tools,,Bulk Buys/Bulk Tools==Bulk Buys/Bulk Tools,,Bulk Buys/Bulk Tools==Bulk Buys/Bulk Tools
Bulk Buys,Bulk Tools,,Bulk Buys,Bulk Tools,,Bulk Buys/Bulk Tools==Bulk Buys/Bulk Tools,,Bulk Buys/Bulk Tools==Bulk Buys/Bulk Tools
Bulk Buys,Bulk Tools,,Bulk Buys,Bulk Tools,,Bulk Buys/Bulk Tools==Bulk Buys/Bulk Tools,,Bulk Buys/Bulk Tools==Bulk Buys/Bulk Tools
Bulk Buys,Bulk Tools,,Bulk Buys,Bulk Tools,,Bulk Buys/Bulk Tools==Bulk Buys/Bulk Tools,,Bulk Buys/Bulk Tools==Bulk Buys/Bulk Tools
Bulk Buys,Bulk Tools,,Bulk Buys,Bulk Tools,,Bulk Buys/Bulk Tools==Bulk Buys/Bulk Tools,,Bulk Buys/Bulk Tools==Bulk Buys/Bulk Tools
Bulk Buys,Bulk Tools,,Bulk Buys,Bulk Tools,,Bulk Buys/Bulk Tools==Bulk Buys/Bulk Tools,,Bulk Buys/Bulk Tools==Bulk Buys/Bulk Tools
Bulk Buys,Bulk Tools,,Bulk Buys,Bulk Tools,,Bulk Buys/Bulk Tools==Bulk Buys/Bulk Tools,,Bulk Buys/Bulk Tools==Bulk Buys/Bulk Tools
Bulk Buys,Bulk Tools,,Bulk Buys,Bulk Tools,,Bulk Buys/Bulk Tools==Bulk Buys/Bulk Tools,,Bulk Buys/Bulk Tools==Bulk Buys/Bulk Tools
Bulk Buys,Bulk Tools,,Bulk Buys,Bulk Tools,,Bulk Buys/Bulk Tools==Bulk Buys/Bulk Tools,,Bulk Buys/Bulk Tools==Bulk Buys/Bulk Tools
Bulk Buys,Bulk Tools,,Bulk Buys,Bulk Tools,,Bulk Buys/Bulk Tools==Bulk Buys/Bulk Tools,,Bulk Buys/Bulk Tools==Bulk Buys/Bulk Tools
Bulk Buys,Bulk Tools,,Bulk Buys,Bulk Tools,,Bulk Buys/Bulk Tools==Bulk Buys/Bulk Tools,,Bulk Buys/Bulk Tools==Bulk Buys/Bulk Tools
Bulk Buys,Bulk Tools,,Bulk Buys,Bulk Tools,,Bulk Buys/Bulk Tools==Bulk Buys/Bulk Tools,,Bulk Buys/Bulk Tools==Bulk Buys/Bulk Tools
Bulk Buys,Bulk Tools,,Bulk Buys,Bulk Tools,,Bulk Buys/Bulk Tools==Bulk Buys/Bulk Tools,,Bulk Buys/Bulk Tools==Bulk Buys/Bulk Tools
Bulk Buys,Bulk Tools,,Bulk Buys,Bulk Tools,,Bulk Buys/Bulk Tools==Bulk Buys/Bulk Tools,,Bulk Buys/Bulk Tools==Bulk Buys/Bulk Tools
Bulk Buys,Bulk Tools,,Bulk Buys,Bulk Tools,,Bulk Buys/Bulk Tools==Bulk Buys/Bulk Tools,,Bulk Buys/Bulk Tools==Bulk Buys/Bulk Tools
Bulk Buys,Bulk Tools,,Bulk Buys,Bulk Tools,,Bulk Buys/Bulk Tools==Bulk Buys/Bulk Tools,,Bulk Buys/Bulk Tools==Bulk Buys/Bulk Tools
Bulk Buys,Bulk Tools,,Bulk Buys,Bulk Tools,,Bulk Buys/Bulk Tools==Bulk Buys/Bulk Tools,,Bulk Buys/Bulk Tools==Bulk Buys/Bulk Tools
Bulk Buys,Bulk Tools,,Bulk Buys,Bulk Tools,,Bulk Buys/Bulk Tools==Bulk Buys/Bulk Tools,,Bulk Buys/Bulk Tools==Bulk Buys/Bulk Tools
Bulk Buys,Bulk Tools,,Bulk Buys,Bulk Tools,,Bulk Buys/Bulk Tools==Bulk Buys/Bulk Tools,,Bulk Buys/Bulk Tools==Bulk Buys/Bulk Tools
Bulk Buys,Bulk Tools,,Bulk Buys,Bulk Tools,,Bulk Buys/Bulk Tools==Bulk Buys/Bulk Tools,,Bulk Buys/Bulk Tools==Bulk Buys/Bulk Tools
Bulk Buys,Bulk Tools,,Bulk Buys,Bulk Tools,,Bulk Buys/Bulk Tools==Bulk Buys/Bulk Tools,,Bulk Buys/Bulk Tools==Bulk Buys/Bulk Tools
Bulk Buys,Bulk Tools,,Bulk Buys,Bulk Tools,,Bulk Buys/Bulk Tools==Bulk Buys/Bulk Tools,,Bulk Buys/Bulk Tools==Bulk Buys/Bulk Tools
Bulk Buys,Bulk Tools,,Bulk Buys,Bulk Tools,,Bulk Buys/Bulk Tools==Bulk Buys/Bulk Tools,,Bulk Buys/Bulk Tools==Bulk Buys/Bulk Tools
Bulk Buys,Bulk Tools,,Bulk Buys,Bulk Tools,,Bulk Buys/Bulk Tools==Bulk Buys/Bulk Tools,,Bulk Buys/Bulk Tools==Bulk Buys/Bulk Tools
Bulk Buys,Bulk Tools,,Bulk Buys,Bulk Tools,,Bulk Buys/Bulk Tools==Bulk Buys/Bulk Tools,,Bulk Buys/Bulk Tools==Bulk Buys/Bulk Tools
Bulk Buys,Bulk Toys,,Bulk Buys,Bulk Toys,,Bulk Buys/Bulk Toys==Bulk Buys/Bulk Toys,,Bulk Buys/Bulk Toys==Bulk Buys/Bulk Toys
Bulk Buys,Bulk Toys,,Bulk Buys,Bulk Toys,,Bulk Buys/Bulk Toys==Bulk Buys/Bulk Toys,,Bulk Buys/Bulk Toys==Bulk Buys/Bulk Toys
Bulk Buys,Bulk Toys,,Bulk Buys,Bulk Toys,,Bulk Buys/Bulk Toys==Bulk Buys/Bulk Toys,,Bulk Buys/Bulk Toys==Bulk Buys/Bulk Toys
Bulk Buys,Bulk Toys,,Bulk Buys,Bulk Toys,,Bulk Buys/Bulk Toys==Bulk Buys/Bulk Toys,,Bulk Buys/Bulk Toys==Bulk Buys/Bulk Toys
Bulk Buys,Bulk Toys,,Bulk Buys,Bulk Toys,,Bulk Buys/Bulk Toys==Bulk Buys/Bulk Toys,,Bulk Buys/Bulk Toys==Bulk Buys/Bulk Toys
Bulk Buys,Bulk Toys,,Bulk Buys,Bulk Toys,,Bulk Buys/Bulk Toys==Bulk Buys/Bulk Toys,,Bulk Buys/Bulk Toys==Bulk Buys/Bulk Toys
Bulk Buys,Bulk Toys,,Bulk Buys,Bulk Toys,,Bulk Buys/Bulk Toys==Bulk Buys/Bulk Toys,,Bulk Buys/Bulk Toys==Bulk Buys/Bulk Toys
Bulk Buys,Bulk Toys,,Bulk Buys,Bulk Toys,,Bulk Buys/Bulk Toys==Bulk Buys/Bulk Toys,,Bulk Buys/Bulk Toys==Bulk Buys/Bulk Toys
Bulk Buys,Bulk Toys,,Bulk Buys,Bulk Toys,,Bulk Buys/Bulk Toys==Bulk Buys/Bulk Toys,,Bulk Buys/Bulk Toys==Bulk Buys/Bulk Toys
Bulk Buys,Bulk Toys,,Bulk Buys,Bulk Toys,,Bulk Buys/Bulk Toys==Bulk Buys/Bulk Toys,,Bulk Buys/Bulk Toys==Bulk Buys/Bulk Toys
Bulk Buys,Bulk Toys,,Bulk Buys,Bulk Toys,,Bulk Buys/Bulk Toys==Bulk Buys/Bulk Toys,,Bulk Buys/Bulk Toys==Bulk Buys/Bulk Toys
Bulk Buys,Bulk Toys,,Bulk Buys,Bulk Toys,,Bulk Buys/Bulk Toys==Bulk Buys/Bulk Toys,,Bulk Buys/Bulk Toys==Bulk Buys/Bulk Toys
Bulk Buys,Bulk Toys,,Bulk Buys,Bulk Toys,,Bulk Buys/Bulk Toys==Bulk Buys/Bulk Toys,,Bulk Buys/Bulk Toys==Bulk Buys/Bulk Toys
Bulk Buys,Bulk Toys,,Bulk Buys,Bulk Toys,,Bulk Buys/Bulk Toys==Bulk Buys/Bulk Toys,,Bulk Buys/Bulk Toys==Bulk Buys/Bulk Toys
Bulk Buys,Bulk Toys,,Bulk Buys,Bulk Toys,,Bulk Buys/Bulk Toys==Bulk Buys/Bulk Toys,,Bulk Buys/Bulk Toys==Bulk Buys/Bulk Toys
Bulk Buys,Bulk Toys,,Bulk Buys,Bulk Toys,,Bulk Buys/Bulk Toys==Bulk Buys/Bulk Toys,,Bulk Buys/Bulk Toys==Bulk Buys/Bulk Toys
Bulk Buys,Bulk Toys,,Bulk Buys,Bulk Toys,,Bulk Buys/Bulk Toys==Bulk Buys/Bulk Toys,,Bulk Buys/Bulk Toys==Bulk Buys/Bulk Toys
Bulk Buys,Bulk Toys,,Bulk Buys,Bulk Toys,,Bulk Buys/Bulk Toys==Bulk Buys/Bulk Toys,,Bulk Buys/Bulk Toys==Bulk Buys/Bulk Toys
Bulk Buys,Bulk Toys,,Bulk Buys,Bulk Toys,,Bulk Buys/Bulk Toys==Bulk Buys/Bulk Toys,,Bulk Buys/Bulk Toys==Bulk Buys/Bulk Toys
Bulk Buys,Bulk Toys,,Bulk Buys,Bulk Toys,,Bulk Buys/Bulk Toys==Bulk Buys/Bulk Toys,,Bulk Buys/Bulk Toys==Bulk Buys/Bulk Toys
Bulk Buys,Bulk Vision Care,,Bulk Buys,Bulk Vision Care,,Bulk Buys/Bulk Vision Care==Bulk Buys/Bulk Vision Care,,Bulk Buys/Bulk Vision Care==Bulk Buys/Bulk Vision Care
Bulk Buys,Bulk Vision Care,,Bulk Buys,Bulk Vision Care,,Bulk Buys/Bulk Vision Care==Bulk Buys/Bulk Vision Care,,Bulk Buys/Bulk Vision Care==Bulk Buys/Bulk Vision Care
Bulk Buys,Bulk Vision Care,,Bulk Buys,Bulk Vision Care,,Bulk Buys/Bulk Vision Care==Bulk Buys/Bulk Vision Care,,Bulk Buys/Bulk Vision Care==Bulk Buys/Bulk Vision Care
Candleholders,Candle Lamps,,Candles & Scents,Candle Lamps,,Candleholders/Candle Lamps==Candles & Scents/Candle Lamps,,Candleholders/Candle Lamps==Candles & Scents/Candle Lamps
Candleholders,Candle Lanterns,,Candles & Scents,Candle Lanterns,,Candleholders/Candle Lanterns==Candles & Scents/Candle Lanterns,,Candleholders/Candle Lanterns==Candles & Scents/Candle Lanterns
Candleholders,More Candleholders,,Candles & Scents,More Candleholders,,Candleholders/More Candleholders==Candles & Scents/More Candleholders,,Candleholders/More Candleholders==Candles & Scents/More Candleholders
Candleholders,Moroccan Candleholders,,Candles & Scents,Moroccan Candleholders,,Candleholders/Moroccan Candleholders==Candles & Scents/Moroccan Candleholders,,Candleholders/Moroccan Candleholders==Candles & Scents/Moroccan Candleholders
Candleholders,Tealight Candleholders,,Candles & Scents,Tealight Candleholders,,Candleholders/Tealight Candleholders==Candles & Scents/Tealight Candleholders,,Candleholders/Tealight Candleholders==Candles & Scents/Tealight Candleholders
Candles,Flameless Candles,,Candles & Scents,Flameless Candles,,Candles/Flameless Candles==Candles & Scents/Flameless Candles,,Candles/Flameless Candles==Candles & Scents/Flameless Candles
Candles,Scented Candles,,Candles & Scents,Scented Candles,,Candles/Scented Candles==Candles & Scents/Scented Candles,,Candles/Scented Candles==Candles & Scents/Scented Candles
Candles,Soy Candles,,Candles & Scents,Soy Candles,,Candles/Soy Candles==Candles & Scents/Soy Candles,,Candles/Soy Candles==Candles & Scents/Soy Candles
Catalogs,Gift Cards,,DO NOT IMPORT,DO NOT IMPORT,,Catalogs/Gift Cards==DO NOT IMPORT/DO NOT IMPORT,,Catalogs/Gift Cards==DO NOT IMPORT/DO NOT IMPORT
Catalogs,Printed Catalogs,,DO NOT IMPORT,DO NOT IMPORT,,Catalogs/Printed Catalogs==DO NOT IMPORT/DO NOT IMPORT,,Catalogs/Printed Catalogs==DO NOT IMPORT/DO NOT IMPORT
Catalogs,Supply Items,,DO NOT IMPORT,DO NOT IMPORT,,Catalogs/Supply Items==DO NOT IMPORT/DO NOT IMPORT,,Catalogs/Supply Items==DO NOT IMPORT/DO NOT IMPORT
Collectibles,Animals,,Collectibles,Animals,,Collectibles/Animals==Collectibles/Animals,,Collectibles/Animals==Collectibles/Animals
Collectibles,Disney,,Collectibles,Disney,,Collectibles/Disney==Collectibles/Disney,,Collectibles/Disney==Collectibles/Disney
Collectibles,Figurines and Statues,,Collectibles,Figurines and Statues,,Collectibles/Figurines and Statues==Collectibles/Figurines and Statues,,Collectibles/Figurines and Statues==Collectibles/Figurines and Statues
Electronics,2-way Radios,,Electronics,2-way Radios,,Electronics/2-way Radios==Electronics/2-way Radios,,Electronics/2-way Radios==Electronics/2-way Radios
Electronics,Alarm Clocks,,Electronics,Alarm Clocks,,Electronics/Alarm Clocks==Electronics/Alarm Clocks,,Electronics/Alarm Clocks==Electronics/Alarm Clocks
Electronics,Cameras and Camcorders,,Electronics,Cameras & Camcorders,,Electronics/Cameras and Camcorders==Electronics/Cameras & Camcorders,,Electronics/Cameras and Camcorders==Electronics/Cameras & Camcorders
Electronics,CB Radios,,Electronics,CB Radios,,Electronics/CB Radios==Electronics/CB Radios,,Electronics/CB Radios==Electronics/CB Radios
Electronics,CD Music System Players,,Electronics,Music Players,,Electronics/CD Music System Players==Electronics/Music Players,,Electronics/CD Music System Players==Electronics/Music Players
Electronics,Cell Phone Accessories,,Electronics,Cellphone Accessories,,Electronics/Cell Phone Accessories==Electronics/Cellphone Accessories,,Electronics/Cell Phone Accessories==Electronics/Cellphone Accessories
Electronics,Computers and Accessories,,Electronics,Computer Accessories,,Electronics/Computers and Accessories==Electronics/Computer Accessories,,Electronics/Computers and Accessories==Electronics/Computer Accessories
Electronics,DVD and Blu-ray Players,,Electronics,DVD and Blu-Ray Players,,Electronics/DVD and Blu-ray Players==Electronics/DVD and Blu-Ray Players,,Electronics/DVD and Blu-ray Players==Electronics/DVD and Blu-Ray Players
Electronics,Headphones,,Electronics,Headphones,,Electronics/Headphones==Electronics/Headphones,,Electronics/Headphones==Electronics/Headphones
Electronics,Home Theater and  Stereos,,Electronics,Home Theater & Stereos,,Electronics/Home Theater and  Stereos==Electronics/Home Theater & Stereos,,Electronics/Home Theater and  Stereos==Electronics/Home Theater & Stereos
Electronics,iPad Accessories,,Electronics,iPad Accessories,,Electronics/iPad Accessories==Electronics/iPad Accessories,,Electronics/iPad Accessories==Electronics/iPad Accessories
Electronics,iPhone Accessories,,Electronics,iPhone Accessories,,Electronics/iPhone Accessories==Electronics/iPhone Accessories,,Electronics/iPhone Accessories==Electronics/iPhone Accessories
Electronics,iPhone and iPad Music Docking,,Electronics,iPhone & iPad Docking,,Electronics/iPhone and iPad Music Docking==Electronics/iPhone & iPad Docking,,Electronics/iPhone and iPad Music Docking==Electronics/iPhone & iPad Docking
Electronics,"Karaoke, Microphones, Voice",,Electronics,Karaoke & Microphones,,"Electronics/Karaoke, Microphones, Voice==Electronics/Karaoke & Microphones",,"Electronics/Karaoke, Microphones, Voice==Electronics/Karaoke & Microphones"
Electronics,Kindle Accessories,,Electronics,Kindle Accessories,,Electronics/Kindle Accessories==Electronics/Kindle Accessories,,Electronics/Kindle Accessories==Electronics/Kindle Accessories
Electronics,MP3 and MP4 Players,,Electronics,MP3 and MP4 Players,,Electronics/MP3 and MP4 Players==Electronics/MP3 and MP4 Players,,Electronics/MP3 and MP4 Players==Electronics/MP3 and MP4 Players
Electronics,Portable Speakers,,Electronics,Portable Speakers,,Electronics/Portable Speakers==Electronics/Portable Speakers,,Electronics/Portable Speakers==Electronics/Portable Speakers
Electronics,Radios,,Electronics,Radios,,Electronics/Radios==Electronics/Radios,,Electronics/Radios==Electronics/Radios
Electronics,Tablets,,Electronics,Tablets,,Electronics/Tablets==Electronics/Tablets,,Electronics/Tablets==Electronics/Tablets
Electronics,Telephones,,Electronics,Telephones,,Electronics/Telephones==Electronics/Telephones,,Electronics/Telephones==Electronics/Telephones
Electronics,Televisions,,Electronics,Televisions & More,,Electronics/Televisions==Electronics/Televisions & More,,Electronics/Televisions==Electronics/Televisions & More
Electronics,Turntables and Record Players,,Electronics,Record Players,,Electronics/Turntables and Record Players==Electronics/Record Players,,Electronics/Turntables and Record Players==Electronics/Record Players
Garden,Birdbaths,,Outdoor Living,Birdbaths,,Garden/Birdbaths==Outdoor Living/Birdbaths,,Garden/Birdbaths==Outdoor Living/Birdbaths
Garden,Birdfeeders,,Outdoor Living,Birdfeeders,,Garden/Birdfeeders==Outdoor Living/Birdfeeders,,Garden/Birdfeeders==Outdoor Living/Birdfeeders
Garden,Birdhouses,,Outdoor Living,Birdhouses,,Garden/Birdhouses==Outdoor Living/Birdhouses,,Garden/Birdhouses==Outdoor Living/Birdhouses
Garden,Garden Decor,,Outdoor Living,Garden Decor,,Garden/Garden Decor==Outdoor Living/Garden Decor,,Garden/Garden Decor==Outdoor Living/Garden Decor
Garden,Garden Furniture,,Outdoor Living,Garden Furniture,,Garden/Garden Furniture==Outdoor Living/Garden Furniture,,Garden/Garden Furniture==Outdoor Living/Garden Furniture
Garden,Garden Gnomes,,Outdoor Living,Garden Gnomes,,Garden/Garden Gnomes==Outdoor Living/Garden Gnomes,,Garden/Garden Gnomes==Outdoor Living/Garden Gnomes
Garden,Garden Tools,,Outdoor Living,Garden Tools,,Garden/Garden Tools==Outdoor Living/Garden Tools,,Garden/Garden Tools==Outdoor Living/Garden Tools
Garden,Hammocks,,Outdoor Living,Hammocks,,Garden/Hammocks==Outdoor Living/Hammocks,,Garden/Hammocks==Outdoor Living/Hammocks
Garden,Outdoor Lighting,,Outdoor Living,Outdoor Lighting,,Garden/Outdoor Lighting==Outdoor Living/Outdoor Lighting,,Garden/Outdoor Lighting==Outdoor Living/Outdoor Lighting
Garden,Planters and Pots,,Outdoor Living,Planters and Pots,,Garden/Planters and Pots==Outdoor Living/Planters and Pots,,Garden/Planters and Pots==Outdoor Living/Planters and Pots
Garden,Solar Powered,,Outdoor Living,Solar Powered,,Garden/Solar Powered==Outdoor Living/Solar Powered,,Garden/Solar Powered==Outdoor Living/Solar Powered
Garden,Windchimes,,Outdoor Living,Windchimes,,Garden/Windchimes==Outdoor Living/Windchimes,,Garden/Windchimes==Outdoor Living/Windchimes
Himalayan Salt,Himalayan Salt Body Products,,Bed Bath & Body,Himalayan Salt Products,,Himalayan Salt/Himalayan Salt Body Products==Bed Bath & Body/Himalayan Salt Products,,Himalayan Salt/Himalayan Salt Body Products==Bed Bath & Body/Himalayan Salt Products
Himalayan Salt,Himalayan Salt Candleholders,,Candles & Scents,Himalayan Salt,,Himalayan Salt/Himalayan Salt Candleholders==Candles & Scents/Himalayan Salt,,Himalayan Salt/Himalayan Salt Candleholders==Candles & Scents/Himalayan Salt
Himalayan Salt,Himalayan Salt Culinary,,Household Items,Himalayan Salt Culinary,,Himalayan Salt/Himalayan Salt Culinary==Household Items/Himalayan Salt Culinary,,Himalayan Salt/Himalayan Salt Culinary==Household Items/Himalayan Salt Culinary
Himalayan Salt,Himalayan Salt Lamps,,Candles & Scents,Himalayan Salt,,Himalayan Salt/Himalayan Salt Lamps==Candles & Scents/Himalayan Salt,,Himalayan Salt/Himalayan Salt Lamps==Candles & Scents/Himalayan Salt
Holidays,Christmas,,Holidays,Christmas,,Holidays/Christmas==Holidays/Christmas,,Holidays/Christmas==Holidays/Christmas
Holidays,Easter,,Holidays,Easter,,Holidays/Easter==Holidays/Easter,,Holidays/Easter==Holidays/Easter
Holidays,Halloween,,Holidays,Halloween,,Holidays/Halloween==Holidays/Halloween,,Holidays/Halloween==Holidays/Halloween
Holidays,Mother's Day,,Holidays,Mother's Day,,Holidays/Mother's Day==Holidays/Mother's Day,,Holidays/Mother's Day==Holidays/Mother's Day
Holidays,Thanksgiving,,Holidays,Thanksgiving,,Holidays/Thanksgiving==Holidays/Thanksgiving,,Holidays/Thanksgiving==Holidays/Thanksgiving
Holidays,Valentine's Day,,Holidays,Valentine's Day,,Holidays/Valentine's Day==Holidays/Valentine's Day,,Holidays/Valentine's Day==Holidays/Valentine's Day
Home Decor,Baskets,,Home Decor,Baskets,,Home Decor/Baskets==Home Decor/Baskets,,Home Decor/Baskets==Home Decor/Baskets
Home Decor,Blankets and Bedding,,Home Decor,Blankets and Bedding,,Home Decor/Blankets and Bedding==Home Decor/Blankets and Bedding,,Home Decor/Blankets and Bedding==Home Decor/Blankets and Bedding
Home Decor,Clocks,,Home Decor,Clocks,,Home Decor/Clocks==Home Decor/Clocks,,Home Decor/Clocks==Home Decor/Clocks
Home Decor,Far East,,Home Decor,Far East,,Home Decor/Far East==Home Decor/Far East,,Home Decor/Far East==Home Decor/Far East
Home Decor,Fireplace,,Home Decor,Fireplace,,Home Decor/Fireplace==Home Decor/Fireplace,,Home Decor/Fireplace==Home Decor/Fireplace
Home Decor,Furniture,,Home Decor,Furniture,,Home Decor/Furniture==Home Decor/Furniture,,Home Decor/Furniture==Home Decor/Furniture
Home Decor,Lamps,,Home Decor,Lamps,,Home Decor/Lamps==Home Decor/Lamps,,Home Decor/Lamps==Home Decor/Lamps
Home Decor,Mirrors,,Home Decor,Mirrors,,Home Decor/Mirrors==Home Decor/Mirrors,,Home Decor/Mirrors==Home Decor/Mirrors
Home Decor,Nautical,,Home Decor,Nautical,,Home Decor/Nautical==Home Decor/Nautical,,Home Decor/Nautical==Home Decor/Nautical
Home Decor,Picture Frames,,Home Decor,Picture Frames,,Home Decor/Picture Frames==Home Decor/Picture Frames,,Home Decor/Picture Frames==Home Decor/Picture Frames
Home Decor,Pillows,,Home Decor,Pillows,,Home Decor/Pillows==Home Decor/Pillows,,Home Decor/Pillows==Home Decor/Pillows
Home Decor,Tables,,Home Decor,Tables,,Home Decor/Tables==Home Decor/Tables,,Home Decor/Tables==Home Decor/Tables
Home Decor,Vases and Accents,,Home Decor,Vases and Accents,,Home Decor/Vases and Accents==Home Decor/Vases and Accents,,Home Decor/Vases and Accents==Home Decor/Vases and Accents
Home Decor,Western Nostalgia,,Home Decor,Western Nostalgia,,Home Decor/Western Nostalgia==Home Decor/Western Nostalgia,,Home Decor/Western Nostalgia==Home Decor/Western Nostalgia
Household Items,Calculators,,Household Items,Calculators,,Household Items/Calculators==Household Items/Calculators,,Household Items/Calculators==Household Items/Calculators
Household Items,Desk Accessories,,Household Items,Desk Accessories,,Household Items/Desk Accessories==Household Items/Desk Accessories,,Household Items/Desk Accessories==Household Items/Desk Accessories
Household Items,Fans,,Household Items,Fans,,Household Items/Fans==Household Items/Fans,,Household Items/Fans==Household Items/Fans
Household Items,Heaters,,Household Items,Heaters,,Household Items/Heaters==Household Items/Heaters,,Household Items/Heaters==Household Items/Heaters
Household Items,Humidifiers,,Household Items,Humidifiers,,Household Items/Humidifiers==Household Items/Humidifiers,,Household Items/Humidifiers==Household Items/Humidifiers
Household Items,Irons and Steamers,,Household Items,Irons and Steamers,,Household Items/Irons and Steamers==Household Items/Irons and Steamers,,Household Items/Irons and Steamers==Household Items/Irons and Steamers
Household Items,Other Household,,Household Items,Other Household,,Household Items/Other Household==Household Items/Other Household,,Household Items/Other Household==Household Items/Other Household
Household Items,Paper Shredders,,Household Items,Paper Shredders,,Household Items/Paper Shredders==Household Items/Paper Shredders,,Household Items/Paper Shredders==Household Items/Paper Shredders
Household Items,Pets,,Household Items,Pets,,Household Items/Pets==Household Items/Pets,,Household Items/Pets==Household Items/Pets
Household Items,Smoke Detectors,,Household Items,Smoke Detectors,,Household Items/Smoke Detectors==Household Items/Smoke Detectors,,Household Items/Smoke Detectors==Household Items/Smoke Detectors
Household Items,Vacuums,,Household Items,Vacuums,,Household Items/Vacuums==Household Items/Vacuums,,Household Items/Vacuums==Household Items/Vacuums
Incense and Oil Burners,Aromatic Oils,,Candles & Scents,Aromatic Oils,,Incense and Oil Burners/Aromatic Oils==Candles & Scents/Aromatic Oils,,Incense and Oil Burners/Aromatic Oils==Candles & Scents/Aromatic Oils
Incense and Oil Burners,Incense Burners,,Candles & Scents,Incense & Oil Burners,,Incense and Oil Burners/Incense Burners==Candles & Scents/Incense & Oil Burners,,Incense and Oil Burners/Incense Burners==Candles & Scents/Incense & Oil Burners
Incense and Oil Burners,Incense Sticks,,Candles & Scents,Incense & Oil Burners,,Incense and Oil Burners/Incense Sticks==Candles & Scents/Incense & Oil Burners,,Incense and Oil Burners/Incense Sticks==Candles & Scents/Incense & Oil Burners
Incense and Oil Burners,Oil Burners,,Candles & Scents,Incense & Oil Burners,,Incense and Oil Burners/Oil Burners==Candles & Scents/Incense & Oil Burners,,Incense and Oil Burners/Oil Burners==Candles & Scents/Incense & Oil Burners
Jewelry,Bracelets,,Jewelry,Bracelets,,Jewelry/Bracelets==Jewelry/Bracelets,,Jewelry/Bracelets==Jewelry/Bracelets
Jewelry,Brooches,,Jewelry,Brooches,,Jewelry/Brooches==Jewelry/Brooches,,Jewelry/Brooches==Jewelry/Brooches
Jewelry,Earrings,,Jewelry,Earrings,,Jewelry/Earrings==Jewelry/Earrings,,Jewelry/Earrings==Jewelry/Earrings
Jewelry,Jewelry Holders,,Jewelry,Jewelry Holders,,Jewelry/Jewelry Holders==Jewelry/Jewelry Holders,,Jewelry/Jewelry Holders==Jewelry/Jewelry Holders
Jewelry,Necklaces,,Jewelry,Necklaces,,Jewelry/Necklaces==Jewelry/Necklaces,,Jewelry/Necklaces==Jewelry/Necklaces
Jewelry,Pendants,,Jewelry,Pendants,,Jewelry/Pendants==Jewelry/Pendants,,Jewelry/Pendants==Jewelry/Pendants
Jewelry,Rings,,Jewelry,Rings,,Jewelry/Rings==Jewelry/Rings,,Jewelry/Rings==Jewelry/Rings
Jewelry,Scarves,,Jewelry,Scarves,,Jewelry/Scarves==Jewelry/Scarves,,Jewelry/Scarves==Jewelry/Scarves
Kitchen,Barbeque and Picnic,,Household Items,Barbeque and Picnic,,Kitchen/Barbeque and Picnic==Household Items/Barbeque and Picnic,,Kitchen/Barbeque and Picnic==Household Items/Barbeque and Picnic
Kitchen,Coffee Products,,Household Items,Coffee Products,,Kitchen/Coffee Products==Household Items/Coffee Products,,Kitchen/Coffee Products==Household Items/Coffee Products
Kitchen,Cups and Mugs,,Household Items,Cups and Mugs,,Kitchen/Cups and Mugs==Household Items/Cups and Mugs,,Kitchen/Cups and Mugs==Household Items/Cups and Mugs
Kitchen,Food Scales,,Household Items,Food Scales,,Kitchen/Food Scales==Household Items/Food Scales,,Kitchen/Food Scales==Household Items/Food Scales
Kitchen,Food Storage Sets,,Household Items,Food Storage Sets,,Kitchen/Food Storage Sets==Household Items/Food Storage Sets,,Kitchen/Food Storage Sets==Household Items/Food Storage Sets
Kitchen,Kitchen Helpers,,Household Items,Kitchen Helpers,,Kitchen/Kitchen Helpers==Household Items/Kitchen Helpers,,Kitchen/Kitchen Helpers==Household Items/Kitchen Helpers
Kitchen,Pots and Pans,,Household Items,Pots and Pans,,Kitchen/Pots and Pans==Household Items/Pots and Pans,,Kitchen/Pots and Pans==Household Items/Pots and Pans
Kitchen,Racks and Pot Hangers,,Household Items,Racks & Pot Hangers,,Kitchen/Racks and Pot Hangers==Household Items/Racks & Pot Hangers,,Kitchen/Racks and Pot Hangers==Household Items/Racks & Pot Hangers
Kitchen,Thermometers,,Household Items,Thermometers,,Kitchen/Thermometers==Household Items/Thermometers,,Kitchen/Thermometers==Household Items/Thermometers
Kitchen,Wine Accessories,,Household Items,Wine Accessories,,Kitchen/Wine Accessories==Household Items/Wine Accessories,,Kitchen/Wine Accessories==Household Items/Wine Accessories
Mythical and Medieval,Dragons,,For the Family,Mythical and Medieval,,Mythical and Medieval/Dragons==For the Family/Mythical and Medieval,,Mythical and Medieval/Dragons==For the Family/Mythical and Medieval
Mythical and Medieval,Fairies and Unicorns,,For the Family,Mythical and Medieval,,Mythical and Medieval/Fairies and Unicorns==For the Family/Mythical and Medieval,,Mythical and Medieval/Fairies and Unicorns==For the Family/Mythical and Medieval
Mythical and Medieval,Gargoyles and Skeletons,,For the Family,Mythical and Medieval,,Mythical and Medieval/Gargoyles and Skeletons==For the Family/Mythical and Medieval,,Mythical and Medieval/Gargoyles and Skeletons==For the Family/Mythical and Medieval
Security,Digital Recorders and Monitors,,Electronics,Security,,Security/Digital Recorders and Monitors==Electronics & Gadgets/Security,,Security/Digital Recorders and Monitors==Electronics & Gadgets/Security
Security,Dummy Security Cameras,,Electronics,Security,,Security/Dummy Security Cameras==Electronics & Gadgets/Security,,Security/Dummy Security Cameras==Electronics & Gadgets/Security
Security,Home Security,,Electronics,Security,,Security/Home Security==Electronics & Gadgets/Security,,Security/Home Security==Electronics & Gadgets/Security
Security,Security Cameras,,Electronics,Security,,Security/Security Cameras==Electronics & Gadgets/Security,,Security/Security Cameras==Electronics & Gadgets/Security
Security,Surveillance Systems,,Electronics,Security,,Security/Surveillance Systems==Electronics & Gadgets/Security,,Security/Surveillance Systems==Electronics & Gadgets/Security
Spiritual and Religious,Angels and Cherubs,,For the Family,Spiritual and Religious,,Spiritual and Religious/Angels and Cherubs==For the Family/Spiritual and Religious,,Spiritual and Religious/Angels and Cherubs==For the Family/Spiritual and Religious
Spiritual and Religious,Crosses,,For the Family,Spiritual and Religious,,Spiritual and Religious/Crosses==For the Family/Spiritual and Religious,,Spiritual and Religious/Crosses==For the Family/Spiritual and Religious
Spiritual and Religious,Religious Decor,,For the Family,Spiritual and Religious,,Spiritual and Religious/Religious Decor==For the Family/Spiritual and Religious,,Spiritual and Religious/Religious Decor==For the Family/Spiritual and Religious
Sports and Fitness,Baseball,,Sports and Fitness,Baseball,,Sports and Fitness/Baseball==Sports and Fitness/Baseball,,Sports and Fitness/Baseball==Sports and Fitness/Baseball
Sports and Fitness,Binoculars,,Sports and Fitness,Binoculars,,Sports and Fitness/Binoculars==Sports and Fitness/Binoculars,,Sports and Fitness/Binoculars==Sports and Fitness/Binoculars
Sports and Fitness,Camping,,Sports and Fitness,Camping,,Sports and Fitness/Camping==Sports and Fitness/Camping,,Sports and Fitness/Camping==Sports and Fitness/Camping
Sports and Fitness,Fitness,,Sports and Fitness,Fitness,,Sports and Fitness/Fitness==Sports and Fitness/Fitness,,Sports and Fitness/Fitness==Sports and Fitness/Fitness
Sports and Fitness,Football,,Sports and Fitness,Football,,Sports and Fitness/Football==Sports and Fitness/Football,,Sports and Fitness/Football==Sports and Fitness/Football
Sports and Fitness,Sports DVDs,,Sports and Fitness,Sports DVDs,,Sports and Fitness/Sports DVDs==Sports and Fitness/Sports DVDs,,Sports and Fitness/Sports DVDs==Sports and Fitness/Sports DVDs
Tools and More,Flashlights,,Tools and More,Flashlights,,Tools and More/Flashlights==Tools and More/Flashlights,,Tools and More/Flashlights==Tools and More/Flashlights
Tools and More,Metal Detectors,,Tools and More,Metal Detectors,,Tools and More/Metal Detectors==Tools and More/Metal Detectors,,Tools and More/Metal Detectors==Tools and More/Metal Detectors
Tools and More,Multi-Function Pocket Tools,,Tools and More,Multi-Function Tools,,Tools and More/Multi-Function Pocket Tools==Tools and More/Multi-Function Tools,,Tools and More/Multi-Function Pocket Tools==Tools and More/Multi-Function Tools
Tools and More,Tools,,Tools and More,Tools & Equipment,,Tools and More/Tools==Tools and More/Tools & Equipment,,Tools and More/Tools==Tools and More/Tools & Equipment
Toys and Games,Chess Sets,,For the Family,Games and Toys,,Toys and Games/Chess Sets==For the Family/Games and Toys,,Toys and Games/Chess Sets==For the Family/Games and Toys
Toys and Games,Games and Toys,,For the Family,Games and Toys,,Toys and Games/Games and Toys==For the Family/Games and Toys,,Toys and Games/Games and Toys==For the Family/Games and Toys
Toys and Games,Nightlights,,Electronics,Night Lights,,Toys and Games/Nightlights==Electronics & Gadgets/Night Lights,,Toys and Games/Nightlights==Electronics & Gadgets/Night Lights
Toys and Games,Scientific Toys,,For the Family,Games and Toys,,Toys and Games/Scientific Toys==For the Family/Games and Toys,,Toys and Games/Scientific Toys==For the Family/Games and Toys
Toys and Games,Stuffed Animals,,For the Family,Games and Toys,,Toys and Games/Stuffed Animals==For the Family/Games and Toys,,Toys and Games/Stuffed Animals==For the Family/Games and Toys
Water Fountains,Indoor Water Fountains,,Outdoor Living,Water Fountains,,Water Fountains/Indoor Water Fountains==Outdoor Living/Water Fountains,,Water Fountains/Indoor Water Fountains==Outdoor Living/Water Fountains
Water Fountains,Outdoor Water Fountains,,Outdoor Living,Water Fountains,,Water Fountains/Outdoor Water Fountains==Outdoor Living/Water Fountains,,Water Fountains/Outdoor Water Fountains==Outdoor Living/Water Fountains
