Xsdepot,,,Direct Connect Store,,,,Formula,,Output
,,,,,,,,,
Accessories,Accessories,,Electronics,Computer Accessories,,,Accessories/Accessories==Electronics & Gadgets/Computer Accessories,,Accessories/Accessories==Electronics & Gadgets/Computer Accessories
Accessories,Bags,,Electronics,Computer Accessories,,,Accessories/Bags==Electronics & Gadgets/Computer Accessories,,Accessories/Bags==Electronics & Gadgets/Computer Accessories
Accessories,Batteries,,Electronics,Computer Accessories,,,Accessories/Batteries==Electronics & Gadgets/Computer Accessories,,Accessories/Batteries==Electronics & Gadgets/Computer Accessories
Accessories,Cables,,Electronics,Computer Accessories,,,Accessories/Cables==Electronics & Gadgets/Computer Accessories,,Accessories/Cables==Electronics & Gadgets/Computer Accessories
Accessories,CD/DVDMedia,,Electronics,Computer Accessories,,,Accessories/CD/DVDMedia==Electronics & Gadgets/Computer Accessories,,Accessories/CD/DVDMedia==Electronics & Gadgets/Computer Accessories
Accessories,MediaCases,,Electronics,Computer Accessories,,,Accessories/MediaCases==Electronics & Gadgets/Computer Accessories,,Accessories/MediaCases==Electronics & Gadgets/Computer Accessories
Accessories,Miscellaneous,,Electronics,Computer Accessories,,,Accessories/Miscellaneous==Electronics & Gadgets/Computer Accessories,,Accessories/Miscellaneous==Electronics & Gadgets/Computer Accessories
Accessories,Notebook&Tablet,,Electronics,Computer Accessories,,,Accessories/Notebook&Tablet==Electronics & Gadgets/Computer Accessories,,Accessories/Notebook&Tablet==Electronics & Gadgets/Computer Accessories
Accessories,NotebookAccessories,,Electronics,Computer Accessories,,,Accessories/NotebookAccessories==Electronics & Gadgets/Computer Accessories,,Accessories/NotebookAccessories==Electronics & Gadgets/Computer Accessories
Accessories,NotebookPowerOptions,,Electronics,Computer Accessories,,,Accessories/NotebookPowerOptions==Electronics & Gadgets/Computer Accessories,,Accessories/NotebookPowerOptions==Electronics & Gadgets/Computer Accessories
Accessories,SurgeProtectors,,Electronics,Computer Accessories,,,Accessories/SurgeProtectors==Electronics & Gadgets/Computer Accessories,,Accessories/SurgeProtectors==Electronics & Gadgets/Computer Accessories
Accessories,Tools,,Electronics,Computer Accessories,,,Accessories/Tools==Electronics & Gadgets/Computer Accessories,,Accessories/Tools==Electronics & Gadgets/Computer Accessories
Accessories,USB&Hubs,,Electronics,Computer Accessories,,,Accessories/USB&Hubs==Electronics & Gadgets/Computer Accessories,,Accessories/USB&Hubs==Electronics & Gadgets/Computer Accessories
Audio/Video,Audio-VideoCables,,Electronics,Computer Accessories,,,Audio/Video/Audio-VideoCables==Electronics & Gadgets/Computer Accessories,,Audio/Video/Audio-VideoCables==Electronics & Gadgets/Computer Accessories
Audio/Video,Headsets,,Electronics,Headphones,,,Audio/Video/Headsets==Electronics & Gadgets/Headphones,,Audio/Video/Headsets==Electronics & Gadgets/Headphones
Audio/Video,Microphones,,Electronics,Headphones,,,Audio/Video/Microphones==Electronics & Gadgets/Headphones,,Audio/Video/Microphones==Electronics & Gadgets/Headphones
Audio/Video,MP3/iPODAccessories,,Electronics,Music Accessories,,,Audio/Video/MP3/iPODAccessories==Electronics & Gadgets/Music Accessories,,Audio/Video/MP3/iPODAccessories==Electronics & Gadgets/Music Accessories
Audio/Video,MP3/MP4Players,,Electronics,MP3 and MP4 Players,,,Audio/Video/MP3/MP4Players==Electronics & Gadgets/MP3 and MP4 Players,,Audio/Video/MP3/MP4Players==Electronics & Gadgets/MP3 and MP4 Players
Audio/Video,MusicAccessories,,Electronics,Music Accessories,,,Audio/Video/MusicAccessories==Electronics & Gadgets/Music Accessories,,Audio/Video/MusicAccessories==Electronics & Gadgets/Music Accessories
Audio/Video,PhotoFrames,,Home Decor,Picture Frames,,,Audio/Video/PhotoFrames==Home Decor/Picture Frames,,Audio/Video/PhotoFrames==Home Decor/Picture Frames
Audio/Video,PortableCommunications,,Electronics,2-way Radios,,,Audio/Video/PortableCommunications==Electronics & Gadgets/2-way Radios,,Audio/Video/PortableCommunications==Electronics & Gadgets/2-way Radios
Audio/Video,Radios,,Electronics,Radios,,,Audio/Video/Radios==Electronics & Gadgets/Radios,,Audio/Video/Radios==Electronics & Gadgets/Radios
Audio/Video,Software,,Electronics,Software,,,Audio/Video/Software==Electronics & Gadgets/Software,,Audio/Video/Software==Electronics & Gadgets/Software
Audio/Video,Speakers,,Electronics,Portable Speakers,,,Audio/Video/Speakers==Electronics & Gadgets/Portable Speakers,,Audio/Video/Speakers==Electronics & Gadgets/Portable Speakers
Audio/Video,WebCams,,Electronics,Cameras & Camcorders,,,Audio/Video/WebCams==Electronics & Gadgets/Cameras & Camcorders,,Audio/Video/WebCams==Electronics & Gadgets/Cameras & Camcorders
Auto/Marine,12VAutomotiveProducts,,Automobile,Auto Accessories,,,Auto/Marine/12VAutomotiveProducts==Automobile/Auto Accessories,,Auto/Marine/12VAutomotiveProducts==Automobile/Auto Accessories
Auto/Marine,Protection,,Automobile,Auto Accessories,,,Auto/Marine/Protection==Automobile/Auto Accessories,,Auto/Marine/Protection==Automobile/Auto Accessories
Blu-Ray,Action&Adventure,,Electronics,Movies and Videos,,,Blu-Ray/Action&Adventure==Electronics & Gadgets/Movies and Videos,,Blu-Ray/Action&Adventure==Electronics & Gadgets/Movies and Videos
Blu-Ray,Comedy,,Electronics,Movies and Videos,,,Blu-Ray/Comedy==Electronics & Gadgets/Movies and Videos,,Blu-Ray/Comedy==Electronics & Gadgets/Movies and Videos
Blu-Ray,Drama,,Electronics,Movies and Videos,,,Blu-Ray/Drama==Electronics & Gadgets/Movies and Videos,,Blu-Ray/Drama==Electronics & Gadgets/Movies and Videos
Blu-Ray,ScienceFiction,,Electronics,Movies and Videos,,,Blu-Ray/ScienceFiction==Electronics & Gadgets/Movies and Videos,,Blu-Ray/ScienceFiction==Electronics & Gadgets/Movies and Videos
Blu-Ray,Thrillers,,Electronics,Movies and Videos,,,Blu-Ray/Thrillers==Electronics & Gadgets/Movies and Videos,,Blu-Ray/Thrillers==Electronics & Gadgets/Movies and Videos
Blu-Ray,TVShows,,Electronics,Movies and Videos,,,Blu-Ray/TVShows==Electronics & Gadgets/Movies and Videos,,Blu-Ray/TVShows==Electronics & Gadgets/Movies and Videos
Business&HomeOffice,Applications,,Electronics,Software,,,Business&HomeOffice/Applications==Electronics & Gadgets/Software,,Business&HomeOffice/Applications==Electronics & Gadgets/Software
Business&HomeOffice,Business&OfficeProductivity,,Electronics,Software,,,Business&HomeOffice/Business&OfficeProductivity==Electronics & Gadgets/Software,,Business&HomeOffice/Business&OfficeProductivity==Electronics & Gadgets/Software
Business&HomeOffice,Business&OfficeSuites,,Electronics,Software,,,Business&HomeOffice/Business&OfficeSuites==Electronics & Gadgets/Software,,Business&HomeOffice/Business&OfficeSuites==Electronics & Gadgets/Software
Business&HomeOffice,Career&Training,,Electronics,Software,,,Business&HomeOffice/Career&Training==Electronics & Gadgets/Software,,Business&HomeOffice/Career&Training==Electronics & Gadgets/Software
Business&HomeOffice,Data&DocumentManagement,,Electronics,Software,,,Business&HomeOffice/Data&DocumentManagement==Electronics & Gadgets/Software,,Business&HomeOffice/Data&DocumentManagement==Electronics & Gadgets/Software
Business&HomeOffice,"Finance,Taxes,&Legal",,Electronics,Software,,,"Business&HomeOffice/Finance,Taxes,&Legal==Electronics & Gadgets/Software",,"Business&HomeOffice/Finance,Taxes,&Legal==Electronics & Gadgets/Software"
Business&HomeOffice,Maps&Travel,,Electronics,Software,,,Business&HomeOffice/Maps&Travel==Electronics & Gadgets/Software,,Business&HomeOffice/Maps&Travel==Electronics & Gadgets/Software
Business&HomeOffice,VoiceRecognition,,Electronics,Software,,,Business&HomeOffice/VoiceRecognition==Electronics & Gadgets/Software,,Business&HomeOffice/VoiceRecognition==Electronics & Gadgets/Software
Cameras,CameraAccessories,,Electronics,Cameras & Camcorders,,,Cameras/CameraAccessories==Electronics & Gadgets/Cameras & Camcorders,,Cameras/CameraAccessories==Electronics & Gadgets/Cameras & Camcorders
Cameras,DigitalCameras,,Electronics,Cameras & Camcorders,,,Cameras/DigitalCameras==Electronics & Gadgets/Cameras & Camcorders,,Cameras/DigitalCameras==Electronics & Gadgets/Cameras & Camcorders
Cameras,DigitalVideoCamera,,Electronics,Cameras & Camcorders,,,Cameras/DigitalVideoCamera==Electronics & Gadgets/Cameras & Camcorders,,Cameras/DigitalVideoCamera==Electronics & Gadgets/Cameras & Camcorders
Cameras,Lenses&Filters,,Electronics,Cameras & Camcorders,,,Cameras/Lenses&Filters==Electronics & Gadgets/Cameras & Camcorders,,Cameras/Lenses&Filters==Electronics & Gadgets/Cameras & Camcorders
Cameras,SecurityCameras&Hardware,,Electronics,Cameras & Camcorders,,,Cameras/SecurityCameras&Hardware==Electronics & Gadgets/Cameras & Camcorders,,Cameras/SecurityCameras&Hardware==Electronics & Gadgets/Cameras & Camcorders
Cameras,SecuritySupplies,,Electronics,Cameras & Camcorders,,,Cameras/SecuritySupplies==Electronics & Gadgets/Cameras & Camcorders,,Cameras/SecuritySupplies==Electronics & Gadgets/Cameras & Camcorders
Cameras,WebCameras,,Electronics,Cameras & Camcorders,,,Cameras/WebCameras==Electronics & Gadgets/Cameras & Camcorders,,Cameras/WebCameras==Electronics & Gadgets/Cameras & Camcorders
Components,Adapters,,Electronics,Computer Accessories,,,Components/Adapters==Electronics & Gadgets/Computer Accessories,,Components/Adapters==Electronics & Gadgets/Computer Accessories
Components,Cases,,Electronics,Computer Accessories,,,Components/Cases==Electronics & Gadgets/Computer Accessories,,Components/Cases==Electronics & Gadgets/Computer Accessories
Components,Drives,,Electronics,Computer Accessories,,,Components/Drives==Electronics & Gadgets/Computer Accessories,,Components/Drives==Electronics & Gadgets/Computer Accessories
Components,Fans&Heatsinks,,Electronics,Computer Accessories,,,Components/Fans&Heatsinks==Electronics & Gadgets/Computer Accessories,,Components/Fans&Heatsinks==Electronics & Gadgets/Computer Accessories
Components,HardDrives,,Electronics,Computer Accessories,,,Components/HardDrives==Electronics & Gadgets/Computer Accessories,,Components/HardDrives==Electronics & Gadgets/Computer Accessories
Components,Hardware,,Electronics,Computer Accessories,,,Components/Hardware==Electronics & Gadgets/Computer Accessories,,Components/Hardware==Electronics & Gadgets/Computer Accessories
Components,Keyboards,,Electronics,Computer Accessories,,,Components/Keyboards==Electronics & Gadgets/Computer Accessories,,Components/Keyboards==Electronics & Gadgets/Computer Accessories
Components,Misc.InputDevices,,Electronics,Computer Accessories,,,Components/Misc.InputDevices==Electronics & Gadgets/Computer Accessories,,Components/Misc.InputDevices==Electronics & Gadgets/Computer Accessories
Components,Mouse&PointingDevices,,Electronics,Computer Accessories,,,Components/Mouse&PointingDevices==Electronics & Gadgets/Computer Accessories,,Components/Mouse&PointingDevices==Electronics & Gadgets/Computer Accessories
Components,PowerSupplies,,Electronics,Computer Accessories,,,Components/PowerSupplies==Electronics & Gadgets/Computer Accessories,,Components/PowerSupplies==Electronics & Gadgets/Computer Accessories
Components,VideoCards,,Electronics,Computer Accessories,,,Components/VideoCards==Electronics & Gadgets/Computer Accessories,,Components/VideoCards==Electronics & Gadgets/Computer Accessories
DiscountedProduct,Refurbished-Misc,,Clearance Outlet,Refurbished - Misc,,,DiscountedProduct/Refurbished-Misc==Clearance Outlet/Refurbished - Misc,,DiscountedProduct/Refurbished-Misc==Clearance Outlet/Refurbished - Misc
DVD,Action&Adventure,,Electronics,Movies and Videos,,,DVD/Action&Adventure==Electronics & Gadgets/Movies and Videos,,DVD/Action&Adventure==Electronics & Gadgets/Movies and Videos
DVD,Animation,,Electronics,Movies and Videos,,,DVD/Animation==Electronics & Gadgets/Movies and Videos,,DVD/Animation==Electronics & Gadgets/Movies and Videos
DVD,Anime,,Electronics,Movies and Videos,,,DVD/Anime==Electronics & Gadgets/Movies and Videos,,DVD/Anime==Electronics & Gadgets/Movies and Videos
DVD,BoxedSets,,Electronics,Movies and Videos,,,DVD/BoxedSets==Electronics & Gadgets/Movies and Videos,,DVD/BoxedSets==Electronics & Gadgets/Movies and Videos
DVD,Classics,,Electronics,Movies and Videos,,,DVD/Classics==Electronics & Gadgets/Movies and Videos,,DVD/Classics==Electronics & Gadgets/Movies and Videos
DVD,Comedy,,Electronics,Movies and Videos,,,DVD/Comedy==Electronics & Gadgets/Movies and Videos,,DVD/Comedy==Electronics & Gadgets/Movies and Videos
DVD,Crime,,Electronics,Movies and Videos,,,DVD/Crime==Electronics & Gadgets/Movies and Videos,,DVD/Crime==Electronics & Gadgets/Movies and Videos
DVD,Documentary,,Electronics,Movies and Videos,,,DVD/Documentary==Electronics & Gadgets/Movies and Videos,,DVD/Documentary==Electronics & Gadgets/Movies and Videos
DVD,Drama,,Electronics,Movies and Videos,,,DVD/Drama==Electronics & Gadgets/Movies and Videos,,DVD/Drama==Electronics & Gadgets/Movies and Videos
DVD,Educational,,Electronics,Movies and Videos,,,DVD/Educational==Electronics & Gadgets/Movies and Videos,,DVD/Educational==Electronics & Gadgets/Movies and Videos
DVD,Exercise&Fitness,,Electronics,Movies and Videos,,,DVD/Exercise&Fitness==Electronics & Gadgets/Movies and Videos,,DVD/Exercise&Fitness==Electronics & Gadgets/Movies and Videos
DVD,Fantasy,,Electronics,Movies and Videos,,,DVD/Fantasy==Electronics & Gadgets/Movies and Videos,,DVD/Fantasy==Electronics & Gadgets/Movies and Videos
DVD,ForeignLanguage&International,,Electronics,Movies and Videos,,,DVD/ForeignLanguage&International==Electronics & Gadgets/Movies and Videos,,DVD/ForeignLanguage&International==Electronics & Gadgets/Movies and Videos
DVD,Horror,,Electronics,Movies and Videos,,,DVD/Horror==Electronics & Gadgets/Movies and Videos,,DVD/Horror==Electronics & Gadgets/Movies and Videos
DVD,Kids&Family,,Electronics,Movies and Videos,,,DVD/Kids&Family==Electronics & Gadgets/Movies and Videos,,DVD/Kids&Family==Electronics & Gadgets/Movies and Videos
DVD,Military&War,,Electronics,Movies and Videos,,,DVD/Military&War==Electronics & Gadgets/Movies and Videos,,DVD/Military&War==Electronics & Gadgets/Movies and Videos
DVD,MusicVideo&Concerts,,Electronics,Movies and Videos,,,DVD/MusicVideo&Concerts==Electronics & Gadgets/Movies and Videos,,DVD/MusicVideo&Concerts==Electronics & Gadgets/Movies and Videos
DVD,Musicals&PerformingArts,,Electronics,Movies and Videos,,,DVD/Musicals&PerformingArts==Electronics & Gadgets/Movies and Videos,,DVD/Musicals&PerformingArts==Electronics & Gadgets/Movies and Videos
DVD,Romance,,Electronics,Movies and Videos,,,DVD/Romance==Electronics & Gadgets/Movies and Videos,,DVD/Romance==Electronics & Gadgets/Movies and Videos
DVD,SpecialInterest,,Electronics,Movies and Videos,,,DVD/SpecialInterest==Electronics & Gadgets/Movies and Videos,,DVD/SpecialInterest==Electronics & Gadgets/Movies and Videos
DVD,Sports,,Electronics,Movies and Videos,,,DVD/Sports==Electronics & Gadgets/Movies and Videos,,DVD/Sports==Electronics & Gadgets/Movies and Videos
DVD,Suspense,,Electronics,Movies and Videos,,,DVD/Suspense==Electronics & Gadgets/Movies and Videos,,DVD/Suspense==Electronics & Gadgets/Movies and Videos
DVD,Thrillers,,Electronics,Movies and Videos,,,DVD/Thrillers==Electronics & Gadgets/Movies and Videos,,DVD/Thrillers==Electronics & Gadgets/Movies and Videos
DVD,TVShows,,Electronics,Movies and Videos,,,DVD/TVShows==Electronics & Gadgets/Movies and Videos,,DVD/TVShows==Electronics & Gadgets/Movies and Videos
Education&Reference,Arts&Humanities,,Electronics,Software,,,Education&Reference/Arts&Humanities==Electronics & Gadgets/Software,,Education&Reference/Arts&Humanities==Electronics & Gadgets/Software
Education&Reference,Children9andUnder,,Electronics,Software,,,Education&Reference/Children9andUnder==Electronics & Gadgets/Software,,Education&Reference/Children9andUnder==Electronics & Gadgets/Software
Education&Reference,HighSchool,,Electronics,Software,,,Education&Reference/HighSchool==Electronics & Gadgets/Software,,Education&Reference/HighSchool==Electronics & Gadgets/Software
Education&Reference,History&Geography,,Electronics,Software,,,Education&Reference/History&Geography==Electronics & Gadgets/Software,,Education&Reference/History&Geography==Electronics & Gadgets/Software
Education&Reference,Languages,,Electronics,Software,,,Education&Reference/Languages==Electronics & Gadgets/Software,,Education&Reference/Languages==Electronics & Gadgets/Software
Education&Reference,Math,,Electronics,Software,,,Education&Reference/Math==Electronics & Gadgets/Software,,Education&Reference/Math==Electronics & Gadgets/Software
Education&Reference,Reading&LanguageSkills,,Electronics,Software,,,Education&Reference/Reading&LanguageSkills==Electronics & Gadgets/Software,,Education&Reference/Reading&LanguageSkills==Electronics & Gadgets/Software
Education&Reference,Reference,,Electronics,Software,,,Education&Reference/Reference==Electronics & Gadgets/Software,,Education&Reference/Reference==Electronics & Gadgets/Software
Education&Reference,Science&Nature,,Electronics,Software,,,Education&Reference/Science&Nature==Electronics & Gadgets/Software,,Education&Reference/Science&Nature==Electronics & Gadgets/Software
Education&Reference,StudySkills&EducationSuites,,Electronics,Software,,,Education&Reference/StudySkills&EducationSuites==Electronics & Gadgets/Software,,Education&Reference/StudySkills&EducationSuites==Electronics & Gadgets/Software
Education&Reference,Technology&SoftwareTraining,,Electronics,Software,,,Education&Reference/Technology&SoftwareTraining==Electronics & Gadgets/Software,,Education&Reference/Technology&SoftwareTraining==Electronics & Gadgets/Software
Education&Reference,TestPrep,,Electronics,Software,,,Education&Reference/TestPrep==Electronics & Gadgets/Software,,Education&Reference/TestPrep==Electronics & Gadgets/Software
FlashMedia,FlashCardReaders,,Electronics,Computer Accessories,,,FlashMedia/FlashCardReaders==Electronics & Gadgets/Computer Accessories,,FlashMedia/FlashCardReaders==Electronics & Gadgets/Computer Accessories
FlashMedia,FlashDrives,,Electronics,Computer Accessories,,,FlashMedia/FlashDrives==Electronics & Gadgets/Computer Accessories,,FlashMedia/FlashDrives==Electronics & Gadgets/Computer Accessories
FlashMedia,FlashMemory,,Electronics,Computer Accessories,,,FlashMedia/FlashMemory==Electronics & Gadgets/Computer Accessories,,FlashMedia/FlashMemory==Electronics & Gadgets/Computer Accessories
FortheHome,CleaningSupplies,,Household Items,Cleaning Supplies,,,FortheHome/CleaningSupplies==Household Items/Cleaning Supplies,,FortheHome/CleaningSupplies==Household Items/Cleaning Supplies
FortheHome,HomeImprovement,,Tools and More,Home Improvement,,,FortheHome/HomeImprovement==Tools and More/Home Improvement,,FortheHome/HomeImprovement==Tools and More/Home Improvement
FortheHome,Organization&Storage,,Household Items,Other Household,,,FortheHome/Organization&Storage==Household Items/Other Household,,FortheHome/Organization&Storage==Household Items/Other Household
ForTheOffice,Furniture,,Home Decor,Furniture,,,ForTheOffice/Furniture==Home Decor/Furniture,,ForTheOffice/Furniture==Home Decor/Furniture
ForTheOffice,Stationery,,Household Items,Desk Accessories,,,ForTheOffice/Stationery==Household Items/Desk Accessories,,ForTheOffice/Stationery==Household Items/Desk Accessories
Games,Action,,Electronics,Video Games,Games,,Games/Action==Electronics & Gadgets/Video Games/Games,,Games/Action==Electronics & Gadgets/Video Games/Games
Games,Adventure,,Electronics,Video Games,Games,,Games/Adventure==Electronics & Gadgets/Video Games/Games,,Games/Adventure==Electronics & Gadgets/Video Games/Games
Games,Arcade,,Electronics,Video Games,Games,,Games/Arcade==Electronics & Gadgets/Video Games/Games,,Games/Arcade==Electronics & Gadgets/Video Games/Games
Games,BoardGames,,Electronics,Video Games,Games,,Games/BoardGames==Electronics & Gadgets/Video Games/Games,,Games/BoardGames==Electronics & Gadgets/Video Games/Games
Games,Cards&Casino,,Electronics,Video Games,Games,,Games/Cards&Casino==Electronics & Gadgets/Video Games/Games,,Games/Cards&Casino==Electronics & Gadgets/Video Games/Games
Games,Classics,,Electronics,Video Games,Games,,Games/Classics==Electronics & Gadgets/Video Games/Games,,Games/Classics==Electronics & Gadgets/Video Games/Games
Games,Fighting&War,,Electronics,Video Games,Games,,Games/Fighting&War==Electronics & Gadgets/Video Games/Games,,Games/Fighting&War==Electronics & Gadgets/Video Games/Games
Games,GameCollections,,Electronics,Video Games,Games,,Games/GameCollections==Electronics & Gadgets/Video Games/Games,,Games/GameCollections==Electronics & Gadgets/Video Games/Games
Games,GirlStuff,,Electronics,Video Games,Games,,Games/GirlStuff==Electronics & Gadgets/Video Games/Games,,Games/GirlStuff==Electronics & Gadgets/Video Games/Games
Games,KidGames,,Electronics,Video Games,Games,,Games/KidGames==Electronics & Gadgets/Video Games/Games,,Games/KidGames==Electronics & Gadgets/Video Games/Games
Games,Puzzle&Trivia,,Electronics,Video Games,Games,,Games/Puzzle&Trivia==Electronics & Gadgets/Video Games/Games,,Games/Puzzle&Trivia==Electronics & Gadgets/Video Games/Games
Games,Racing,,Electronics,Video Games,Games,,Games/Racing==Electronics & Gadgets/Video Games/Games,,Games/Racing==Electronics & Gadgets/Video Games/Games
Games,RolePlaying,,Electronics,Video Games,Games,,Games/RolePlaying==Electronics & Gadgets/Video Games/Games,,Games/RolePlaying==Electronics & Gadgets/Video Games/Games
Games,Simulations,,Electronics,Video Games,Games,,Games/Simulations==Electronics & Gadgets/Video Games/Games,,Games/Simulations==Electronics & Gadgets/Video Games/Games
Games,Sports,,Electronics,Video Games,Games,,Games/Sports==Electronics & Gadgets/Video Games/Games,,Games/Sports==Electronics & Gadgets/Video Games/Games
Games,Strategy,,Electronics,Video Games,Games,,Games/Strategy==Electronics & Gadgets/Video Games/Games,,Games/Strategy==Electronics & Gadgets/Video Games/Games
GeneralMerchandise,AsSeenOnTV,,Electronics,AS Seen On TV,,,GeneralMerchandise/AsSeenOnTV==Electronics & Gadgets/AS Seen On TV,,GeneralMerchandise/AsSeenOnTV==Electronics & Gadgets/AS Seen On TV
GeneralMerchandise,Books,,For the Family,Books and More,,,GeneralMerchandise/Books==For the Family/Books and More,,GeneralMerchandise/Books==For the Family/Books and More
GeneralMerchandise,Clocks,,Home Decor,Clocks,,,GeneralMerchandise/Clocks==Home Decor/Clocks,,GeneralMerchandise/Clocks==Home Decor/Clocks
GeneralMerchandise,Clothing,,For the Family,Clothing,,,GeneralMerchandise/Clothing==For the Family/Clothing,,GeneralMerchandise/Clothing==For the Family/Clothing
GeneralMerchandise,Flashlights,,Tools and More,Flashlights,,,GeneralMerchandise/Flashlights==Tools and More/Flashlights,,GeneralMerchandise/Flashlights==Tools and More/Flashlights
GeneralMerchandise,GeneralMerchandise,,Household Items,Other Household,,,GeneralMerchandise/GeneralMerchandise==Household Items/Other Household,,GeneralMerchandise/GeneralMerchandise==Household Items/Other Household
GeneralMerchandise,GroomingAccessories,,Bed Bath & Body,Grooming,,,GeneralMerchandise/GroomingAccessories==Bed Bath & Body/Grooming,,GeneralMerchandise/GroomingAccessories==Bed Bath & Body/Grooming
GeneralMerchandise,Handbags&Wallets,,For the Family,Bags and Travels,,,GeneralMerchandise/Handbags&Wallets==For the Family/Bags and Travels,,GeneralMerchandise/Handbags&Wallets==For the Family/Bags and Travels
GeneralMerchandise,HomeDecorations,,Home Decor,Decorations,,,GeneralMerchandise/HomeDecorations==Home Decor/Decorations,,GeneralMerchandise/HomeDecorations==Home Decor/Decorations
GeneralMerchandise,KitchenAccessories,,Household Items,Kitchen Helpers,,,GeneralMerchandise/KitchenAccessories==Household Items/Kitchen Helpers,,GeneralMerchandise/KitchenAccessories==Household Items/Kitchen Helpers
GeneralMerchandise,LEDLights,,Household Items,Other Household,,,GeneralMerchandise/LEDLights==Household Items/Other Household,,GeneralMerchandise/LEDLights==Household Items/Other Household
GeneralMerchandise,Locks,,Household Items,Other Household,,,GeneralMerchandise/Locks==Household Items/Other Household,,GeneralMerchandise/Locks==Household Items/Other Household
GeneralMerchandise,Travel,,For the Family,Bags and Travels,,,GeneralMerchandise/Travel==For the Family/Bags and Travels,,GeneralMerchandise/Travel==For the Family/Bags and Travels
GeneralMerchandise,Watches&Jewelry,,Jewelry,Watches & More,,,GeneralMerchandise/Watches&Jewelry==Jewelry/Watches & More,,GeneralMerchandise/Watches&Jewelry==Jewelry/Watches & More
GiftIdeas,GiftIdeas,,For the Family,Gift Ideas,,,GiftIdeas/GiftIdeas==For the Family/Gift Ideas,,GiftIdeas/GiftIdeas==For the Family/Gift Ideas
GPS,Accessories,,Automobile,GPS and Navigation,,,GPS/Accessories==Automobile/GPS and Navigation,,GPS/Accessories==Automobile/GPS and Navigation
GPS,GPS,,Automobile,GPS and Navigation,,,GPS/GPS==Automobile/GPS and Navigation,,GPS/GPS==Automobile/GPS and Navigation
GPS,Software,,Automobile,GPS and Navigation,,,GPS/Software==Automobile/GPS and Navigation,,GPS/Software==Automobile/GPS and Navigation
HolidayItems,HolidayItems,,Holidays,General Holiday,,,HolidayItems/HolidayItems==Holidays/General Holiday,,HolidayItems/HolidayItems==Holidays/General Holiday
Home&Hobbies,FamilyTree&Genealogy,,For the Family,Home & Hobbies,,,Home&Hobbies/FamilyTree&Genealogy==For the Family/Home & Hobbies,,Home&Hobbies/FamilyTree&Genealogy==For the Family/Home & Hobbies
Home&Hobbies,Food&Health,,For the Family,Home & Hobbies,,,Home&Hobbies/Food&Health==For the Family/Home & Hobbies,,Home&Hobbies/Food&Health==For the Family/Home & Hobbies
Home&Hobbies,Home&LandscapeImprovement,,For the Family,Home & Hobbies,,,Home&Hobbies/Home&LandscapeImprovement==For the Family/Home & Hobbies,,Home&Hobbies/Home&LandscapeImprovement==For the Family/Home & Hobbies
Home&Hobbies,MusicandAudioTitles,,For the Family,Home & Hobbies,,,Home&Hobbies/MusicandAudioTitles==For the Family/Home & Hobbies,,Home&Hobbies/MusicandAudioTitles==For the Family/Home & Hobbies
Home&Hobbies,Sound&Music,,For the Family,Home & Hobbies,,,Home&Hobbies/Sound&Music==For the Family/Home & Hobbies,,Home&Hobbies/Sound&Music==For the Family/Home & Hobbies
Home&Hobbies,Space,,For the Family,Home & Hobbies,,,Home&Hobbies/Space==For the Family/Home & Hobbies,,Home&Hobbies/Space==For the Family/Home & Hobbies
HomeAppliances,HomeEnvironment&Air,,Household Items,Other Household,,,HomeAppliances/HomeEnvironment&Air==Household Items/Other Household,,HomeAppliances/HomeEnvironment&Air==Household Items/Other Household
HomeAppliances,PersonalCareProducts,,Bed Bath & Body,Grooming,,,HomeAppliances/PersonalCareProducts==Bed Bath & Body/Grooming,,HomeAppliances/PersonalCareProducts==Bed Bath & Body/Grooming
HomeAppliances,SmallAppliances,,Household Items,Appliances,,,HomeAppliances/SmallAppliances==Household Items/Appliances,,HomeAppliances/SmallAppliances==Household Items/Appliances
HomeAppliances,Vacuum,,Household Items,Vacuums,,,HomeAppliances/Vacuum==Household Items/Vacuums,,HomeAppliances/Vacuum==Household Items/Vacuums
HomeAudio,HomeTheater,,Electronics,Home Theater & Stereos,,,HomeAudio/HomeTheater==Electronics & Gadgets/Home Theater & Stereos,,HomeAudio/HomeTheater==Electronics & Gadgets/Home Theater & Stereos
HomeAudio,MusicDevices,,Electronics,Music Players,,,HomeAudio/MusicDevices==Electronics & Gadgets/Music Players,,HomeAudio/MusicDevices==Electronics & Gadgets/Music Players
Macintosh,Business&HomeOffice,,Electronics,Software,,,Macintosh/Business&HomeOffice==Electronics & Gadgets/Software,,Macintosh/Business&HomeOffice==Electronics & Gadgets/Software
Macintosh,Education&Reference,,Electronics,Software,,,Macintosh/Education&Reference==Electronics & Gadgets/Software,,Macintosh/Education&Reference==Electronics & Gadgets/Software
Macintosh,Home&Hobbies,,Electronics,Software,,,Macintosh/Home&Hobbies==Electronics & Gadgets/Software,,Macintosh/Home&Hobbies==Electronics & Gadgets/Software
Macintosh,Photo/Video/Design,,Electronics,Software,,,Macintosh/Photo/Video/Design==Electronics & Gadgets/Software,,Macintosh/Photo/Video/Design==Electronics & Gadgets/Software
Macintosh,Security&Utilities,,Electronics,Software,,,Macintosh/Security&Utilities==Electronics & Gadgets/Software,,Macintosh/Security&Utilities==Electronics & Gadgets/Software
Miscellaneous,Calculators,,Electronics,Calculators,,,Miscellaneous/Calculators==Electronics & Gadgets/Calculators,,Miscellaneous/Calculators==Electronics & Gadgets/Calculators
Miscellaneous,ConsumerElectronics,,Electronics,Gadgets,,,Miscellaneous/ConsumerElectronics==Electronics & Gadgets/Gadgets,,Miscellaneous/ConsumerElectronics==Electronics & Gadgets/Gadgets
Networking,Cables,,Electronics,Computer Accessories,,,Networking/Cables==Electronics & Gadgets/Computer Accessories,,Networking/Cables==Electronics & Gadgets/Computer Accessories
Networking,Networking,,Electronics,Computer Accessories,,,Networking/Networking==Electronics & Gadgets/Computer Accessories,,Networking/Networking==Electronics & Gadgets/Computer Accessories
Networking,Switches,,Electronics,Computer Accessories,,,Networking/Switches==Electronics & Gadgets/Computer Accessories,,Networking/Switches==Electronics & Gadgets/Computer Accessories
Networking,WiredNetworking,,Electronics,Computer Accessories,,,Networking/WiredNetworking==Electronics & Gadgets/Computer Accessories,,Networking/WiredNetworking==Electronics & Gadgets/Computer Accessories
Networking,WirelessNetworking,,Electronics,Computer Accessories,,,Networking/WirelessNetworking==Electronics & Gadgets/Computer Accessories,,Networking/WirelessNetworking==Electronics & Gadgets/Computer Accessories
Nintendo3DS,Accessories,,Electronics,Video Games,Nintendo3DS,,Nintendo3DS/Accessories==Electronics & Gadgets/Video Games/Nintendo3DS,,Nintendo3DS/Accessories==Electronics & Gadgets/Video Games/Nintendo3DS
Nintendo3DS,Action,,Electronics,Video Games,Nintendo3DS,,Nintendo3DS/Action==Electronics & Gadgets/Video Games/Nintendo3DS,,Nintendo3DS/Action==Electronics & Gadgets/Video Games/Nintendo3DS
Nintendo3DS,Adventure,,Electronics,Video Games,Nintendo3DS,,Nintendo3DS/Adventure==Electronics & Gadgets/Video Games/Nintendo3DS,,Nintendo3DS/Adventure==Electronics & Gadgets/Video Games/Nintendo3DS
Nintendo3DS,Arcade,,Electronics,Video Games,Nintendo3DS,,Nintendo3DS/Arcade==Electronics & Gadgets/Video Games/Nintendo3DS,,Nintendo3DS/Arcade==Electronics & Gadgets/Video Games/Nintendo3DS
Nintendo3DS,Puzzle,,Electronics,Video Games,Nintendo3DS,,Nintendo3DS/Puzzle==Electronics & Gadgets/Video Games/Nintendo3DS,,Nintendo3DS/Puzzle==Electronics & Gadgets/Video Games/Nintendo3DS
Nintendo3DS,Simulations,,Electronics,Video Games,Nintendo3DS,,Nintendo3DS/Simulations==Electronics & Gadgets/Video Games/Nintendo3DS,,Nintendo3DS/Simulations==Electronics & Gadgets/Video Games/Nintendo3DS
Nintendo3DS,Sports&Fitness,,Electronics,Video Games,Nintendo3DS,,Nintendo3DS/Sports&Fitness==Electronics & Gadgets/Video Games/Nintendo3DS,,Nintendo3DS/Sports&Fitness==Electronics & Gadgets/Video Games/Nintendo3DS
NintendoDS,Accessories,,Electronics,Video Games,NintendoDS,,NintendoDS/Accessories==Electronics & Gadgets/Video Games/NintendoDS,,NintendoDS/Accessories==Electronics & Gadgets/Video Games/NintendoDS
NintendoDS,Action,,Electronics,Video Games,NintendoDS,,NintendoDS/Action==Electronics & Gadgets/Video Games/NintendoDS,,NintendoDS/Action==Electronics & Gadgets/Video Games/NintendoDS
NintendoDS,Adventure,,Electronics,Video Games,NintendoDS,,NintendoDS/Adventure==Electronics & Gadgets/Video Games/NintendoDS,,NintendoDS/Adventure==Electronics & Gadgets/Video Games/NintendoDS
NintendoDS,Arcade,,Electronics,Video Games,NintendoDS,,NintendoDS/Arcade==Electronics & Gadgets/Video Games/NintendoDS,,NintendoDS/Arcade==Electronics & Gadgets/Video Games/NintendoDS
NintendoDS,Educational,,Electronics,Video Games,NintendoDS,,NintendoDS/Educational==Electronics & Gadgets/Video Games/NintendoDS,,NintendoDS/Educational==Electronics & Gadgets/Video Games/NintendoDS
NintendoDS,Music&Rhythm,,Electronics,Video Games,NintendoDS,,NintendoDS/Music&Rhythm==Electronics & Gadgets/Video Games/NintendoDS,,NintendoDS/Music&Rhythm==Electronics & Gadgets/Video Games/NintendoDS
NintendoDS,Puzzles,,Electronics,Video Games,NintendoDS,,NintendoDS/Puzzles==Electronics & Gadgets/Video Games/NintendoDS,,NintendoDS/Puzzles==Electronics & Gadgets/Video Games/NintendoDS
NintendoDS,RolePlaying,,Electronics,Video Games,NintendoDS,,NintendoDS/RolePlaying==Electronics & Gadgets/Video Games/NintendoDS,,NintendoDS/RolePlaying==Electronics & Gadgets/Video Games/NintendoDS
NintendoDS,Shooters,,Electronics,Video Games,NintendoDS,,NintendoDS/Shooters==Electronics & Gadgets/Video Games/NintendoDS,,NintendoDS/Shooters==Electronics & Gadgets/Video Games/NintendoDS
NintendoDS,Simulations,,Electronics,Video Games,NintendoDS,,NintendoDS/Simulations==Electronics & Gadgets/Video Games/NintendoDS,,NintendoDS/Simulations==Electronics & Gadgets/Video Games/NintendoDS
NintendoDS,Sports&Fitness,,Electronics,Video Games,NintendoDS,,NintendoDS/Sports&Fitness==Electronics & Gadgets/Video Games/NintendoDS,,NintendoDS/Sports&Fitness==Electronics & Gadgets/Video Games/NintendoDS
NintendoDS,Strategy,,Electronics,Video Games,NintendoDS,,NintendoDS/Strategy==Electronics & Gadgets/Video Games/NintendoDS,,NintendoDS/Strategy==Electronics & Gadgets/Video Games/NintendoDS
NintendoDS,Systems,,Electronics,Video Games,NintendoDS,,NintendoDS/Systems==Electronics & Gadgets/Video Games/NintendoDS,,NintendoDS/Systems==Electronics & Gadgets/Video Games/NintendoDS
NintendoWii,Accessories,,Electronics,Video Games,NintendoWii,,NintendoWii/Accessories==Electronics & Gadgets/Video Games/NintendoWii,,NintendoWii/Accessories==Electronics & Gadgets/Video Games/NintendoWii
NintendoWii,Action,,Electronics,Video Games,NintendoWii,,NintendoWii/Action==Electronics & Gadgets/Video Games/NintendoWii,,NintendoWii/Action==Electronics & Gadgets/Video Games/NintendoWii
NintendoWii,Adventure,,Electronics,Video Games,NintendoWii,,NintendoWii/Adventure==Electronics & Gadgets/Video Games/NintendoWii,,NintendoWii/Adventure==Electronics & Gadgets/Video Games/NintendoWii
NintendoWii,Arcade,,Electronics,Video Games,NintendoWii,,NintendoWii/Arcade==Electronics & Gadgets/Video Games/NintendoWii,,NintendoWii/Arcade==Electronics & Gadgets/Video Games/NintendoWii
NintendoWii,Educational,,Electronics,Video Games,NintendoWii,,NintendoWii/Educational==Electronics & Gadgets/Video Games/NintendoWii,,NintendoWii/Educational==Electronics & Gadgets/Video Games/NintendoWii
NintendoWii,Music&Rhythm,,Electronics,Video Games,NintendoWii,,NintendoWii/Music&Rhythm==Electronics & Gadgets/Video Games/NintendoWii,,NintendoWii/Music&Rhythm==Electronics & Gadgets/Video Games/NintendoWii
NintendoWii,Puzzle,,Electronics,Video Games,NintendoWii,,NintendoWii/Puzzle==Electronics & Gadgets/Video Games/NintendoWii,,NintendoWii/Puzzle==Electronics & Gadgets/Video Games/NintendoWii
NintendoWii,Racing,,Electronics,Video Games,NintendoWii,,NintendoWii/Racing==Electronics & Gadgets/Video Games/NintendoWii,,NintendoWii/Racing==Electronics & Gadgets/Video Games/NintendoWii
NintendoWii,Shooters,,Electronics,Video Games,NintendoWii,,NintendoWii/Shooters==Electronics & Gadgets/Video Games/NintendoWii,,NintendoWii/Shooters==Electronics & Gadgets/Video Games/NintendoWii
NintendoWii,Simulations,,Electronics,Video Games,NintendoWii,,NintendoWii/Simulations==Electronics & Gadgets/Video Games/NintendoWii,,NintendoWii/Simulations==Electronics & Gadgets/Video Games/NintendoWii
NintendoWii,Sports&Fitness,,Electronics,Video Games,NintendoWii,,NintendoWii/Sports&Fitness==Electronics & Gadgets/Video Games/NintendoWii,,NintendoWii/Sports&Fitness==Electronics & Gadgets/Video Games/NintendoWii
NintendoWii,Strategy,,Electronics,Video Games,NintendoWii,,NintendoWii/Strategy==Electronics & Gadgets/Video Games/NintendoWii,,NintendoWii/Strategy==Electronics & Gadgets/Video Games/NintendoWii
OfficeEquipment,CleaningSupplies,,Household Items,Cleaning Supplies,,,OfficeEquipment/CleaningSupplies==Household Items/Cleaning Supplies,,OfficeEquipment/CleaningSupplies==Household Items/Cleaning Supplies
OfficeEquipment,Laminators,,Household Items,Desk Accessories,,,OfficeEquipment/Laminators==Household Items/Desk Accessories,,OfficeEquipment/Laminators==Household Items/Desk Accessories
OfficeEquipment,OfficeSupplies,,Household Items,Desk Accessories,,,OfficeEquipment/OfficeSupplies==Household Items/Desk Accessories,,OfficeEquipment/OfficeSupplies==Household Items/Desk Accessories
OfficeEquipment,Shredders,,Household Items,Paper Shredders,,,OfficeEquipment/Shredders==Household Items/Paper Shredders,,OfficeEquipment/Shredders==Household Items/Paper Shredders
OperatingSystems,Macintosh&Other,,Electronics,Software,,,OperatingSystems/Macintosh&Other==Electronics & Gadgets/Software,,OperatingSystems/Macintosh&Other==Electronics & Gadgets/Software
OperatingSystems,Server&RemoteDesktop,,Electronics,Software,,,OperatingSystems/Server&RemoteDesktop==Electronics & Gadgets/Software,,OperatingSystems/Server&RemoteDesktop==Electronics & Gadgets/Software
OperatingSystems,Windows,,Electronics,Software,,,OperatingSystems/Windows==Electronics & Gadgets/Software,,OperatingSystems/Windows==Electronics & Gadgets/Software
Other,"GameBoyAdvance,Games&Accessories",,Electronics,Video Games,,,"Other/GameBoyAdvance,Games&Accessories==Electronics & Gadgets/Video Games",,"Other/GameBoyAdvance,Games&Accessories==Electronics & Gadgets/Video Games"
Other,"Xbox,Games&Accessories",,Electronics,Video Games,,,"Other/Xbox,Games&Accessories==Electronics & Gadgets/Video Games",,"Other/Xbox,Games&Accessories==Electronics & Gadgets/Video Games"
PCGames,Adventure,,Electronics,Video Games,PCGames,,PCGames/Adventure==Electronics & Gadgets/Video Games/PCGames,,PCGames/Adventure==Electronics & Gadgets/Video Games/PCGames
PCGames,Arcade,,Electronics,Video Games,PCGames,,PCGames/Arcade==Electronics & Gadgets/Video Games/PCGames,,PCGames/Arcade==Electronics & Gadgets/Video Games/PCGames
PCGames,MacintoshGames,,Electronics,Video Games,PCGames,,PCGames/MacintoshGames==Electronics & Gadgets/Video Games/PCGames,,PCGames/MacintoshGames==Electronics & Gadgets/Video Games/PCGames
PCGames,Puzzle&Trivia,,Electronics,Video Games,PCGames,,PCGames/Puzzle&Trivia==Electronics & Gadgets/Video Games/PCGames,,PCGames/Puzzle&Trivia==Electronics & Gadgets/Video Games/PCGames
PCGames,Simulations,,Electronics,Video Games,PCGames,,PCGames/Simulations==Electronics & Gadgets/Video Games/PCGames,,PCGames/Simulations==Electronics & Gadgets/Video Games/PCGames
Peripherals,Projectors,,Electronics,Computer Accessories,,,Peripherals/Projectors==Electronics & Gadgets/Computer Accessories,,Peripherals/Projectors==Electronics & Gadgets/Computer Accessories
Peripherals,Scanners,,Electronics,Computer Accessories,,,Peripherals/Scanners==Electronics & Gadgets/Computer Accessories,,Peripherals/Scanners==Electronics & Gadgets/Computer Accessories
Peripherals,Speakers,,Electronics,Portable Speakers,,,Peripherals/Speakers==Electronics & Gadgets/Portable Speakers,,Peripherals/Speakers==Electronics & Gadgets/Portable Speakers
PetProducts,MiscProducts,,Household Items,Pets,,,PetProducts/MiscProducts==Household Items/Pets,,PetProducts/MiscProducts==Household Items/Pets
PetProducts,PetGrooming,,Household Items,Pets,,,PetProducts/PetGrooming==Household Items/Pets,,PetProducts/PetGrooming==Household Items/Pets
PetProducts,TrainingAids,,Household Items,Pets,,,PetProducts/TrainingAids==Household Items/Pets,,PetProducts/TrainingAids==Household Items/Pets
Phones,CellAccessories,,Electronics,Cellphone Accessories,,,Phones/CellAccessories==Electronics & Gadgets/Cellphone Accessories,,Phones/CellAccessories==Electronics & Gadgets/Cellphone Accessories
Phones,CellPhones,,Electronics,Cellphone Accessories,,,Phones/CellPhones==Electronics & Gadgets/Cellphone Accessories,,Phones/CellPhones==Electronics & Gadgets/Cellphone Accessories
Phones,Phones&Accessories,,Electronics,Cellphone Accessories,,,Phones/Phones&Accessories==Electronics & Gadgets/Cellphone Accessories,,Phones/Phones&Accessories==Electronics & Gadgets/Cellphone Accessories
Phones,VOIP,,Electronics,Computer Accessories,,,Phones/VOIP==Electronics & Gadgets/Computer Accessories,,Phones/VOIP==Electronics & Gadgets/Computer Accessories
Photo/Video/Design,AdobeTitles,,Electronics,Software,,,Photo/Video/Design/AdobeTitles==Electronics & Gadgets/Software,,Photo/Video/Design/AdobeTitles==Electronics & Gadgets/Software
Photo/Video/Design,CAD/CAM,,Electronics,Software,,,Photo/Video/Design/CAD/CAM==Electronics & Gadgets/Software,,Photo/Video/Design/CAD/CAM==Electronics & Gadgets/Software
Photo/Video/Design,Calendars&Scrapbooks,,Electronics,Software,,,Photo/Video/Design/Calendars&Scrapbooks==Electronics & Gadgets/Software,,Photo/Video/Design/Calendars&Scrapbooks==Electronics & Gadgets/Software
Photo/Video/Design,Children'sGraphics,,Electronics,Software,,,Photo/Video/Design/Children'sGraphics==Electronics & Gadgets/Software,,Photo/Video/Design/Children'sGraphics==Electronics & Gadgets/Software
Photo/Video/Design,Design&Animation,,Electronics,Software,,,Photo/Video/Design/Design&Animation==Electronics & Gadgets/Software,,Photo/Video/Design/Design&Animation==Electronics & Gadgets/Software
Photo/Video/Design,DesktopPublishing,,Electronics,Software,,,Photo/Video/Design/DesktopPublishing==Electronics & Gadgets/Software,,Photo/Video/Design/DesktopPublishing==Electronics & Gadgets/Software
Photo/Video/Design,Fonts,,Electronics,Software,,,Photo/Video/Design/Fonts==Electronics & Gadgets/Software,,Photo/Video/Design/Fonts==Electronics & Gadgets/Software
Photo/Video/Design,GreetingsCardMaker,,Electronics,Software,,,Photo/Video/Design/GreetingsCardMaker==Electronics & Gadgets/Software,,Photo/Video/Design/GreetingsCardMaker==Electronics & Gadgets/Software
Photo/Video/Design,Photo&ClipartCollections,,Electronics,Software,,,Photo/Video/Design/Photo&ClipartCollections==Electronics & Gadgets/Software,,Photo/Video/Design/Photo&ClipartCollections==Electronics & Gadgets/Software
Photo/Video/Design,PhotoEditing,,Electronics,Software,,,Photo/Video/Design/PhotoEditing==Electronics & Gadgets/Software,,Photo/Video/Design/PhotoEditing==Electronics & Gadgets/Software
Photo/Video/Design,ScreenSavers,,Electronics,Software,,,Photo/Video/Design/ScreenSavers==Electronics & Gadgets/Software,,Photo/Video/Design/ScreenSavers==Electronics & Gadgets/Software
Photo/Video/Design,Video/AudioPlayback&Editing,,Electronics,Software,,,Photo/Video/Design/Video/AudioPlayback&Editing==Electronics & Gadgets/Software,,Photo/Video/Design/Video/AudioPlayback&Editing==Electronics & Gadgets/Software
Playstation2,Accessories,,Electronics,Video Games,Playstation2,,Playstation2/Accessories==Electronics & Gadgets/Video Games/Playstation2,,Playstation2/Accessories==Electronics & Gadgets/Video Games/Playstation2
Playstation2,Adventure,,Electronics,Video Games,Playstation2,,Playstation2/Adventure==Electronics & Gadgets/Video Games/Playstation2,,Playstation2/Adventure==Electronics & Gadgets/Video Games/Playstation2
Playstation2,Music&Rhythm,,Electronics,Video Games,Playstation2,,Playstation2/Music&Rhythm==Electronics & Gadgets/Video Games/Playstation2,,Playstation2/Music&Rhythm==Electronics & Gadgets/Video Games/Playstation2
Playstation2,Puzzle,,Electronics,Video Games,Playstation2,,Playstation2/Puzzle==Electronics & Gadgets/Video Games/Playstation2,,Playstation2/Puzzle==Electronics & Gadgets/Video Games/Playstation2
Playstation2,Simulations,,Electronics,Video Games,Playstation2,,Playstation2/Simulations==Electronics & Gadgets/Video Games/Playstation2,,Playstation2/Simulations==Electronics & Gadgets/Video Games/Playstation2
Playstation2,Sports&Fitness,,Electronics,Video Games,Playstation2,,Playstation2/Sports&Fitness==Electronics & Gadgets/Video Games/Playstation2,,Playstation2/Sports&Fitness==Electronics & Gadgets/Video Games/Playstation2
Playstation3,Accessories,,Electronics,Video Games,Playstation3,,Playstation3/Accessories==Electronics & Gadgets/Video Games/Playstation3,,Playstation3/Accessories==Electronics & Gadgets/Video Games/Playstation3
Playstation3,Action,,Electronics,Video Games,Playstation3,,Playstation3/Action==Electronics & Gadgets/Video Games/Playstation3,,Playstation3/Action==Electronics & Gadgets/Video Games/Playstation3
Playstation3,Adventure,,Electronics,Video Games,Playstation3,,Playstation3/Adventure==Electronics & Gadgets/Video Games/Playstation3,,Playstation3/Adventure==Electronics & Gadgets/Video Games/Playstation3
Playstation3,Arcade,,Electronics,Video Games,Playstation3,,Playstation3/Arcade==Electronics & Gadgets/Video Games/Playstation3,,Playstation3/Arcade==Electronics & Gadgets/Video Games/Playstation3
Playstation3,Music&Rhythm,,Electronics,Video Games,Playstation3,,Playstation3/Music&Rhythm==Electronics & Gadgets/Video Games/Playstation3,,Playstation3/Music&Rhythm==Electronics & Gadgets/Video Games/Playstation3
Playstation3,Puzzle,,Electronics,Video Games,Playstation3,,Playstation3/Puzzle==Electronics & Gadgets/Video Games/Playstation3,,Playstation3/Puzzle==Electronics & Gadgets/Video Games/Playstation3
Playstation3,Shooters,,Electronics,Video Games,Playstation3,,Playstation3/Shooters==Electronics & Gadgets/Video Games/Playstation3,,Playstation3/Shooters==Electronics & Gadgets/Video Games/Playstation3
Playstation3,Simulations,,Electronics,Video Games,Playstation3,,Playstation3/Simulations==Electronics & Gadgets/Video Games/Playstation3,,Playstation3/Simulations==Electronics & Gadgets/Video Games/Playstation3
Playstation3,Sports&Fitness,,Electronics,Video Games,Playstation3,,Playstation3/Sports&Fitness==Electronics & Gadgets/Video Games/Playstation3,,Playstation3/Sports&Fitness==Electronics & Gadgets/Video Games/Playstation3
PointofSale(POS),Scanners,,Electronics,Computer Accessories,,,PointofSale(POS)/Scanners==Electronics & Gadgets/Computer Accessories,,PointofSale(POS)/Scanners==Electronics & Gadgets/Computer Accessories
PortableAudio,Speakers,,Electronics,Portable Speakers,,,PortableAudio/Speakers==Electronics & Gadgets/Portable Speakers,,PortableAudio/Speakers==Electronics & Gadgets/Portable Speakers
PowerCenter,PowerInverters/Adapters,,Electronics,Computer Accessories,,,PowerCenter/PowerInverters/Adapters==Electronics & Gadgets/Computer Accessories,,PowerCenter/PowerInverters/Adapters==Electronics & Gadgets/Computer Accessories
Security,HomeSecurity,,Electronics,Security,,,Security/HomeSecurity==Electronics & Gadgets/Security,,Security/HomeSecurity==Electronics & Gadgets/Security
Security,PhysicalSecurity,,Electronics,Security,,,Security/PhysicalSecurity==Electronics & Gadgets/Security,,Security/PhysicalSecurity==Electronics & Gadgets/Security
Security&Utilities,Anti-Virus/Anti-Spyware,,Electronics,Software,,,Security&Utilities/Anti-Virus/Anti-Spyware==Electronics & Gadgets/Software,,Security&Utilities/Anti-Virus/Anti-Spyware==Electronics & Gadgets/Software
Security&Utilities,Backups&DiscBurn/Creators,,Electronics,Software,,,Security&Utilities/Backups&DiscBurn/Creators==Electronics & Gadgets/Software,,Security&Utilities/Backups&DiscBurn/Creators==Electronics & Gadgets/Software
Security&Utilities,ComputerSecurity,,Electronics,Software,,,Security&Utilities/ComputerSecurity==Electronics & Gadgets/Software,,Security&Utilities/ComputerSecurity==Electronics & Gadgets/Software
Security&Utilities,GeneralUtilities,,Electronics,Software,,,Security&Utilities/GeneralUtilities==Electronics & Gadgets/Software,,Security&Utilities/GeneralUtilities==Electronics & Gadgets/Software
Security&Utilities,ITTools&Software,,Electronics,Software,,,Security&Utilities/ITTools&Software==Electronics & Gadgets/Software,,Security&Utilities/ITTools&Software==Electronics & Gadgets/Software
Security&Utilities,PCMaintenance,,Electronics,Software,,,Security&Utilities/PCMaintenance==Electronics & Gadgets/Software,,Security&Utilities/PCMaintenance==Electronics & Gadgets/Software
Security&Utilities,Programming,,Electronics,Software,,,Security&Utilities/Programming==Electronics & Gadgets/Software,,Security&Utilities/Programming==Electronics & Gadgets/Software
SonyPSP,Accessories,,Electronics,Video Games,SonyPSP,,SonyPSP/Accessories==Electronics & Gadgets/Video Games/SonyPSP,,SonyPSP/Accessories==Electronics & Gadgets/Video Games/SonyPSP
SonyPSP,Action,,Electronics,Video Games,SonyPSP,,SonyPSP/Action==Electronics & Gadgets/Video Games/SonyPSP,,SonyPSP/Action==Electronics & Gadgets/Video Games/SonyPSP
SonyPSP,Adventure,,Electronics,Video Games,SonyPSP,,SonyPSP/Adventure==Electronics & Gadgets/Video Games/SonyPSP,,SonyPSP/Adventure==Electronics & Gadgets/Video Games/SonyPSP
SonyPSP,Sports&Fitness,,Electronics,Video Games,SonyPSP,,SonyPSP/Sports&Fitness==Electronics & Gadgets/Video Games/SonyPSP,,SonyPSP/Sports&Fitness==Electronics & Gadgets/Video Games/SonyPSP
SpecialNeeds,SpecialNeeds-Educational,,Electronics,Software,,,SpecialNeeds/SpecialNeeds-Educational==Electronics & Gadgets/Software,,SpecialNeeds/SpecialNeeds-Educational==Electronics & Gadgets/Software
Sports&Outdoors,Camping&Hunting,,Sports and Fitness,Outdoors,,,Sports&Outdoors/Camping&Hunting==Sports and Fitness/Outdoors,,Sports&Outdoors/Camping&Hunting==Sports and Fitness/Outdoors
Sports&Outdoors,OutdoorsElectronics,,Sports and Fitness,Outdoors,,,Sports&Outdoors/OutdoorsElectronics==Sports and Fitness/Outdoors,,Sports&Outdoors/OutdoorsElectronics==Sports and Fitness/Outdoors
Sports&Outdoors,OutdoorsRecreation&Living,,Sports and Fitness,Outdoors,,,Sports&Outdoors/OutdoorsRecreation&Living==Sports and Fitness/Outdoors,,Sports&Outdoors/OutdoorsRecreation&Living==Sports and Fitness/Outdoors
Sports&Outdoors,Sports&Fitness,,Sports and Fitness,Outdoors,,,Sports&Outdoors/Sports&Fitness==Sports and Fitness/Outdoors,,Sports&Outdoors/Sports&Fitness==Sports and Fitness/Outdoors
Systems,Servers,,Electronics,Software,,,Systems/Servers==Electronics & Gadgets/Software,,Systems/Servers==Electronics & Gadgets/Software
Systems,Tablets&eReaders,,Electronics,Tablets,,,Systems/Tablets&eReaders==Electronics & Gadgets/Tablets,,Systems/Tablets&eReaders==Electronics & Gadgets/Tablets
Televisions,TVAccessories,,Electronics,Televisions & More,,,Televisions/TVAccessories==Electronics & Gadgets/Televisions & More,,Televisions/TVAccessories==Electronics & Gadgets/Televisions & More
Televisions,TVCables,,Electronics,Televisions & More,,,Televisions/TVCables==Electronics & Gadgets/Televisions & More,,Televisions/TVCables==Electronics & Gadgets/Televisions & More
Toys,AllToys,,For the Family,Games and Toys,,,Toys/AllToys==For the Family/Games and Toys,,Toys/AllToys==For the Family/Games and Toys
Toys,BoardGames,,For the Family,Games and Toys,,,Toys/BoardGames==For the Family/Games and Toys,,Toys/BoardGames==For the Family/Games and Toys
Toys,Characters,,For the Family,Games and Toys,,,Toys/Characters==For the Family/Games and Toys,,Toys/Characters==For the Family/Games and Toys
Toys,DVDGames,,For the Family,Games and Toys,,,Toys/DVDGames==For the Family/Games and Toys,,Toys/DVDGames==For the Family/Games and Toys
Toys,Educational,,For the Family,Games and Toys,,,Toys/Educational==For the Family/Games and Toys,,Toys/Educational==For the Family/Games and Toys
Toys,Electronics,,For the Family,Games and Toys,,,Toys/Electronics==For the Family/Games and Toys,,Toys/Electronics==For the Family/Games and Toys
Toys,Games,,For the Family,Games and Toys,,,Toys/Games==For the Family/Games and Toys,,Toys/Games==For the Family/Games and Toys
Toys,Hobbies,,For the Family,Games and Toys,,,Toys/Hobbies==For the Family/Games and Toys,,Toys/Hobbies==For the Family/Games and Toys
Toys,OutdoorFun,,For the Family,Games and Toys,,,Toys/OutdoorFun==For the Family/Games and Toys,,Toys/OutdoorFun==For the Family/Games and Toys
Toys,RemoteControl,,For the Family,Games and Toys,,,Toys/RemoteControl==For the Family/Games and Toys,,Toys/RemoteControl==For the Family/Games and Toys
Xbox360,Accessories,,Electronics,Video Games,Xbox360,,Xbox360/Accessories==Electronics & Gadgets/Video Games/Xbox360,,Xbox360/Accessories==Electronics & Gadgets/Video Games/Xbox360
Xbox360,Action,,Electronics,Video Games,Xbox360,,Xbox360/Action==Electronics & Gadgets/Video Games/Xbox360,,Xbox360/Action==Electronics & Gadgets/Video Games/Xbox360
Xbox360,Adventure,,Electronics,Video Games,Xbox360,,Xbox360/Adventure==Electronics & Gadgets/Video Games/Xbox360,,Xbox360/Adventure==Electronics & Gadgets/Video Games/Xbox360
Xbox360,Arcade,,Electronics,Video Games,Xbox360,,Xbox360/Arcade==Electronics & Gadgets/Video Games/Xbox360,,Xbox360/Arcade==Electronics & Gadgets/Video Games/Xbox360
Xbox360,Fighting&War,,Electronics,Video Games,Xbox360,,Xbox360/Fighting&War==Electronics & Gadgets/Video Games/Xbox360,,Xbox360/Fighting&War==Electronics & Gadgets/Video Games/Xbox360
Xbox360,Music&Rhythm,,Electronics,Video Games,Xbox360,,Xbox360/Music&Rhythm==Electronics & Gadgets/Video Games/Xbox360,,Xbox360/Music&Rhythm==Electronics & Gadgets/Video Games/Xbox360
Xbox360,Puzzle,,Electronics,Video Games,Xbox360,,Xbox360/Puzzle==Electronics & Gadgets/Video Games/Xbox360,,Xbox360/Puzzle==Electronics & Gadgets/Video Games/Xbox360
Xbox360,Racing,,Electronics,Video Games,Xbox360,,Xbox360/Racing==Electronics & Gadgets/Video Games/Xbox360,,Xbox360/Racing==Electronics & Gadgets/Video Games/Xbox360
Xbox360,RolePlaying,,Electronics,Video Games,Xbox360,,Xbox360/RolePlaying==Electronics & Gadgets/Video Games/Xbox360,,Xbox360/RolePlaying==Electronics & Gadgets/Video Games/Xbox360
Xbox360,Shooters,,Electronics,Video Games,Xbox360,,Xbox360/Shooters==Electronics & Gadgets/Video Games/Xbox360,,Xbox360/Shooters==Electronics & Gadgets/Video Games/Xbox360
Xbox360,Sports&Fitness,,Electronics,Video Games,Xbox360,,Xbox360/Sports&Fitness==Electronics & Gadgets/Video Games/Xbox360,,Xbox360/Sports&Fitness==Electronics & Gadgets/Video Games/Xbox360
Xbox360,XboxKinect,,Electronics,Video Games,Xbox360,,Xbox360/XboxKinect==Electronics & Gadgets/Video Games/Xbox360,,Xbox360/XboxKinect==Electronics & Gadgets/Video Games/Xbox360
